person_id,resolved_name,branch,canonical_role_code,canonical_title,role_family,role_confidence,role_match_method,source_titles_seen,source_systems,source_record_ids,identity_tier,identity_confidence,hire_date_final,hire_date_conflict,skills_declared,skills_evidenced,skills_inferred,skills_unknown,required_skill_count,required_skill_covered,performance_years_usable,data_quality_score,review_flag,review_reason,payroll_linked
MN-R-0001,Hasan Nadia Safitri,Bandung,WHS_STAFF,Warehouse Staff,Supply Chain,0.97,exact,STAFF GUDANG,"HRIS_SuccessFactors,LMS_Moodle","EMP-5657,moodle_13400",T3a_fuzzy_high,0.88,2022-03-25,N,,Demand Forecasting,Cold Chain Handling; Data Entry Accuracy; Inventory Management; Warehouse Safety,,4,0,2,0.718,N,,N
MN-R-0002,Erika  Permana,Palembang,WHS_SPV,Warehouse Supervisor,Supply Chain,0.97,exact,SUPERVISOR WAREHOUSE | WAREHOUSE SPV | Warehouse Spv,"ATS_Workable,HRIS_SuccessFactors,LMS_Moodle","EMP-3494,EMP-8896,candidate_144,moodle_28770",T3b_fuzzy_mid,0.7,2024-12-04,Y,CDOB Compliance; Cold Chain Handling; Inventory Management,,Team Leadership; Warehouse Safety,,5,3,0,0.751,Y,identity_probabilistic_or_orphan;hire_date_conflict_within_hris,N
MN-R-0003,Nadia Handayani,Palembang,SALES_JR,Sales Representative,Commercial,0.97,exact,MEDICAL REPRESENTATIVE | Senior Sales Exec | sales executive,"ATS_Workable,HRIS_SuccessFactors,LMS_Moodle","EMP-3167,EMP-6189,candidate_401,moodle_76830",T3b_fuzzy_mid,0.7,2026-03-25,Y,Customer Relationship Management; Data Entry Accuracy; Route Planning,Medical Product Knowledge,,,4,4,3,0.871,Y,identity_probabilistic_or_orphan;hire_date_conflict_within_hris,N
MN-R-0004,NADIA RAHAYU,Semarang,QA_REG,Regulatory & QA Officer,Technical,0.97,exact,Petugas Regulasi | qa officer,"ATS_Workable,HRIS_SuccessFactors,LMS_Moodle","EMP-2856,candidate_926,moodle_72274",T1_email,0.98,2023-12-11,N,CDOB Compliance; Distributor Negotiation; Medical Product Knowledge,,Data Entry Accuracy; Regulatory Documentation,,4,2,0,0.908,N,,N
MN-R-0005,NADIA PUSPITA,Bekasi,LOG_COORD,Logistics Coordinator,Supply Chain,0.97,exact,distribution coordinator | koordinator logistik,"ATS_Workable,HRIS_SuccessFactors,LMS_Moodle","EMP-5508,candidate_439,moodle_85025",T1_email,0.98,2024-06-24,N,Route Planning,,Cold Chain Handling; Inventory Management; SAP Navigation,,4,1,2,0.758,N,,N
MN-R-0006,Rahmat  Sanjaya,Yogyakarta,LOG_COORD,Logistics Coordinator,Supply Chain,0.97,exact,KOORDINATOR LOGISTIK | Logistics Staff,"ATS_Workable,HRIS_SuccessFactors,LMS_Moodle","EMP-3233,candidate_477,moodle_84427",T1_email,0.98,2023-11-09,N,Inventory Management; Route Planning; SAP Navigation,,Cold Chain Handling,,4,3,0,0.908,N,,N
MN-R-0007,Agus  Setiawan,Makassar,PHARM_SPEC,Product Specialist (Pharma),Technical,0.97,exact,PRODUCT SPEC | Warehouse Spv | spesialis produk,"HRIS_SuccessFactors,LMS_Moodle","EMP-2186,EMP-3674,EMP-6488,moodle_36993,moodle_84849",T1_email,0.98,2022-04-21,Y,Advanced Excel; CDOB Compliance; Cold Chain Handling; Inventory Management; Regulatory Documentation; SAP Navigation; Warehouse Safety,Team Leadership,Medical Product Knowledge,,4,3,0,0.983,Y,hire_date_conflict_within_hris;status_conflict_possible_transfer,N
MN-R-0008,"Safitri, Sari",Semarang,WHS_STAFF,Warehouse Staff,Supply Chain,0.97,exact,Staff Gudang,"HRIS_SuccessFactors,LMS_Moodle","EMP-2024,moodle_33148",T1_email,0.98,2020-12-03,N,,Demand Forecasting; Distributor Negotiation; Inventory Management,Cold Chain Handling; Data Entry Accuracy; Warehouse Safety,,4,1,2,0.908,N,,N
MN-R-0009,GITA TANUJAYA,Palembang,QA_REG,Regulatory & QA Officer,Technical,0.97,exact,Medical Representative | Quality Assurance | jr. sales,"ATS_Workable,HRIS_SuccessFactors,LMS_Moodle","EMP-2488,EMP-7740,candidate_132,candidate_203,moodle_48044,moodle_89934",T3b_fuzzy_mid,0.7,2025-03-07,Y,Data Entry Accuracy; Medical Product Knowledge; Regulatory Documentation,CDOB Compliance,,,4,4,2,0.871,Y,identity_probabilistic_or_orphan;hire_date_conflict_within_hris,N
MN-R-0010,D. Wibowo,Denpasar,IT_SUPPORT,IT Support Officer,Corporate,0.97,exact,Helpdesk,"HRIS_SuccessFactors,LMS_Moodle","EMP-6726,moodle_64655",T3b_fuzzy_mid,0.7,2021-05-17,N,Advanced Excel; CDOB Compliance; SAP Navigation,Customer Relationship Management,Data Entry Accuracy,,3,2,0,0.871,Y,identity_probabilistic_or_orphan,N
MN-R-0011,"Utami, Rina Gita",Bandung,SALES_MGR,Branch Sales Manager,Commercial,0.97,exact,manager penjualan,HRIS_SuccessFactors,EMP-2994,T3a_fuzzy_high,0.88,2018-12-01,N,CDOB Compliance; Customer Relationship Management; Demand Forecasting; Distributor Negotiation,,Advanced Excel; Team Leadership,,5,3,2,0.883,N,,N
MN-R-0012,Tika  Eko  Situmorang,Surabaya,WHS_STAFF,Warehouse Staff,Supply Chain,0.97,exact,SR. SALES | Warehouse Operator,"HRIS_SuccessFactors,LMS_Moodle","EMP-3206,EMP-9231,moodle_42939,moodle_96482",T3b_fuzzy_mid,0.7,2022-11-16,Y,Advanced Excel; Medical Product Knowledge,Inventory Management,Cold Chain Handling; Data Entry Accuracy; Warehouse Safety,,4,1,2,0.796,Y,identity_probabilistic_or_orphan;hire_date_conflict_within_hris,N
MN-R-0013,Jihan Puspita,Jakarta Pusat,SALES_SR,Senior Sales Representative,Commercial,0.97,exact,SR. SALES | Sales  Executive  Senior,"ATS_Workable,HRIS_SuccessFactors,LMS_Moodle","EMP-9874,candidate_875,moodle_38757",T1_email,0.98,2024-05-12,N,Customer Relationship Management; Distributor Negotiation; Regulatory Documentation,,Advanced Excel; Demand Forecasting; Medical Product Knowledge,,5,2,1,0.863,N,,N
MN-R-0014,Indah Setiyawan,Makassar,SALES_JR,Sales Representative,Commercial,0.97,exact,SALES 1 | Salesman | Staff Sales,"ATS_Workable,HRIS_SuccessFactors,LMS_Moodle","EMP-4765,EMP-8015,candidate_876,moodle_49623",T1_email,0.98,2024-09-19,Y,CDOB Compliance; Cold Chain Handling; Regulatory Documentation,Data Entry Accuracy,Customer Relationship Management; Medical Product Knowledge; Route Planning,,4,1,0,0.983,Y,hire_date_conflict_within_hris;status_conflict_possible_transfer,N
MN-R-0015,A. Hutapea,Medan,SALES_JR,Sales Representative,Commercial,0.97,exact,Sales Junior,HRIS_SuccessFactors,EMP-5188,T3a_fuzzy_high,0.88,2023-10-31,N,Advanced Excel; Customer Relationship Management; Data Entry Accuracy,,Medical Product Knowledge; Route Planning,,4,2,1,0.868,N,,N
MN-R-0016,"Halim, Novi",Bekasi,SALES_MGR,Branch Sales Manager,Commercial,0.97,exact,Kepala Sales,"ATS_Workable,HRIS_SuccessFactors,LMS_Moodle","EMP-9033,candidate_435,moodle_15040",T1_email,0.98,2023-07-04,N,Advanced Excel; SAP Navigation; Warehouse Safety,,Customer Relationship Management; Demand Forecasting; Distributor Negotiation; Team Leadership,,5,1,2,0.863,N,,N
MN-R-0017,Fajar  Kusuma,Bandung,SALES_SR,Senior Sales Representative,Commercial,0.97,exact,Sales 2,"HRIS_SuccessFactors,LMS_Moodle","EMP-6421,moodle_11267",T1_email,0.98,2025-05-17,N,Demand Forecasting; Distributor Negotiation; Inventory Management; Medical Product Knowledge,,Advanced Excel; Customer Relationship Management,,5,3,1,0.923,N,,N
MN-R-0018,Eko Setiyawan,Jakarta Pusat,QA_REG,Regulatory & QA Officer,Technical,0.97,exact,Petugas Regulasi | Staff QA,"HRIS_SuccessFactors,LMS_Moodle","EMP-4696,EMP-9479,moodle_21916",T3b_fuzzy_mid,0.7,2019-01-24,Y,,CDOB Compliance; Data Entry Accuracy,Medical Product Knowledge; Regulatory Documentation,,4,2,2,0.721,Y,identity_probabilistic_or_orphan;hire_date_conflict_within_hris;status_conflict_possible_transfer,N
MN-R-0019,"Maulana, Lukman",Semarang,SALES_SR,Senior Sales Representative,Commercial,0.97,exact,SR. SALES,"HRIS_SuccessFactors,LMS_Moodle","EMP-5080,moodle_37399",T1_email,0.98,2019-03-14,N,Customer Relationship Management; Demand Forecasting; Distributor Negotiation; SAP Navigation,,Advanced Excel; Medical Product Knowledge,,5,3,3,0.923,N,,N
MN-R-0020,"Ramadhan, Dwi",Palembang,QA_REG,Regulatory & QA Officer,Technical,0.97,exact,QA Officer | Staff QA,"ATS_Workable,HRIS_SuccessFactors,LMS_Moodle","EMP-1331,candidate_997,moodle_63953,moodle_69232",T3b_fuzzy_mid,0.7,2024-07-23,N,Cold Chain Handling; Inventory Management; Medical Product Knowledge,,CDOB Compliance; Data Entry Accuracy; Regulatory Documentation,,4,1,1,0.796,Y,identity_probabilistic_or_orphan,N
MN-R-0021,Galih  Lestari,Denpasar,IT_SUPPORT,IT Support Officer,Corporate,0.97,exact,Helpdesk | it officer,"ATS_Workable,HRIS_SuccessFactors,LMS_Moodle","EMP-4257,candidate_420,moodle_13306",T1_email,0.98,2024-01-14,N,Advanced Excel; CDOB Compliance; Data Entry Accuracy; SAP Navigation,,,,3,3,1,0.983,N,,N
MN-R-0022,Rizki Utami,Palembang,WHS_SPV,Warehouse Supervisor,Supply Chain,0.97,exact,WH Supervisor,"HRIS_SuccessFactors,LMS_Moodle","EMP-2316,moodle_97130",T1_email,0.98,2023-10-17,N,,Cold Chain Handling; Inventory Management,CDOB Compliance; Team Leadership; Warehouse Safety,,5,2,0,0.803,N,,N
MN-R-0023,Nanda Anggraini,Bekasi,FIN_ADMIN,Finance & Admin Staff,Corporate,0.97,exact,Finance Admin,"HRIS_SuccessFactors,LMS_Moodle","EMP-1174,moodle_80029",T1_email,0.98,2021-02-10,N,,Data Entry Accuracy,Advanced Excel; SAP Navigation,,3,1,1,0.783,N,,N
MN-R-0024,Fitry Mardiana,Bandung,SALES_SR,Senior Sales Representative,Commercial,0.97,exact,Senior Sales,"HRIS_SuccessFactors,LMS_Moodle","EMP-6035,moodle_33254",T1_email,0.98,2022-01-01,N,Advanced Excel; Medical Product Knowledge,Team Leadership,Customer Relationship Management; Demand Forecasting; Distributor Negotiation,,5,2,2,0.863,N,,N
MN-R-0025,Maya Hidayah,Makassar,QA_REG,Regulatory & QA Officer,Technical,0.97,exact,QUALITY ASSURANCE,HRIS_SuccessFactors,EMP-3846,T3b_fuzzy_mid,0.7,2022-09-08,N,Advanced Excel; Data Entry Accuracy,,CDOB Compliance; Medical Product Knowledge; Regulatory Documentation,,4,1,2,0.721,Y,identity_probabilistic_or_orphan,N
MN-R-0026,TIKA WIBOWO,Makassar,QA_REG,Regulatory & QA Officer,Technical,0.97,exact,petugas regulasi,HRIS_SuccessFactors,EMP-4437,T4_single_hris,0.85,2023-11-26,N,,,,CDOB Compliance; Data Entry Accuracy; Medical Product Knowledge; Regulatory Documentation,4,0,0,0.631,Y,skill_no_signal,N
MN-R-0027,I. Kurniawan,Manado,FIN_ADMIN,Finance & Admin Staff,Corporate,0.97,exact,Staff Finance,HRIS_SuccessFactors,EMP-8505,T4_single_hris,0.85,,N,,,,Advanced Excel; Data Entry Accuracy; SAP Navigation,3,0,1,0.631,Y,skill_no_signal,N
MN-R-0028,Teguh Rahayu,Yogyakarta,SALES_SR,Senior Sales Representative,Commercial,0.97,exact,SR. SALES,"HRIS_SuccessFactors,LMS_Moodle","EMP-1239,moodle_89759",T3a_fuzzy_high,0.88,2024-08-18,N,,Advanced Excel,Customer Relationship Management; Demand Forecasting; Distributor Negotiation; Medical Product Knowledge,,5,1,1,0.703,N,,N
MN-R-0029,"Permana, Mega",Surabaya,PHARM_SPEC,Product Specialist (Pharma),Technical,0.97,exact,ASISTEN APOTEKER | Asisten Apoteker,"ATS_Workable,HRIS_SuccessFactors","EMP-6896,candidate_443",T3a_fuzzy_high,0.88,2024-11-23,N,,,,CDOB Compliance; Cold Chain Handling; Medical Product Knowledge; Regulatory Documentation,4,0,0,0.643,Y,skill_no_signal,N
MN-R-0030,IMAM PERMANA,Semarang,WHS_STAFF,Warehouse Staff,Supply Chain,0.97,exact,Petugas Gudang,"HRIS_SuccessFactors,LMS_Moodle","EMP-4470,moodle_36311",T1_email,0.98,2022-11-01,N,,Cold Chain Handling; Data Entry Accuracy; SAP Navigation,Inventory Management; Warehouse Safety,,4,2,3,0.908,N,,N
MN-R-0031,"Handayani, Teguh",Semarang,LOG_COORD,Logistics Coordinator,Supply Chain,0.97,exact,Logistics Staff,"ATS_Workable,HRIS_SuccessFactors,LMS_Moodle","EMP-1857,candidate_761,moodle_24906",T1_email,0.98,2025-12-04,N,Advanced Excel; Inventory Management; Route Planning,,Cold Chain Handling; SAP Navigation,,4,2,2,0.908,N,,N
MN-R-0032,I. Andi Permana,Manado,SALES_SR,Senior Sales Representative,Commercial,0.97,exact,SR. SALES,HRIS_SuccessFactors,EMP-6412,T4_single_hris,0.85,,N,,,,Advanced Excel; Customer Relationship Management; Demand Forecasting; Distributor Negotiation; Medical Product Knowledge,5,0,1,0.631,Y,skill_no_signal,N
MN-R-0033,ANDI SIMANJUNTAK,Medan,WHS_STAFF,Warehouse Staff,Supply Chain,0.97,exact,Warehouse Operator | warehouse operator,"ATS_Workable,HRIS_SuccessFactors,LMS_Moodle","EMP-7715,candidate_608,moodle_75247",T3b_fuzzy_mid,0.7,2026-02-26,N,,Warehouse Safety,Cold Chain Handling; Data Entry Accuracy; Inventory Management,,4,1,2,0.646,Y,identity_probabilistic_or_orphan,N
MN-R-0034,"Wibowo, Zainal Oktavianus",Palembang,SALES_JR,Sales Representative,Commercial,0.97,exact,Medical Representative | sales executive,"ATS_Workable,HRIS_SuccessFactors,LMS_Moodle","EMP-3376,candidate_807,moodle_92955",T1_email,0.98,2026-01-23,N,Inventory Management; Medical Product Knowledge; Route Planning,Cold Chain Handling,Customer Relationship Management; Data Entry Accuracy,,4,2,1,0.983,N,,N
MN-R-0035,Imam  Wijaya,Jakarta Pusat,QA_REG,Regulatory & QA Officer,Technical,0.97,exact,REGULATORY OFFICER | Regulatory Officer,"ATS_Workable,HRIS_SuccessFactors,LMS_Moodle","EMP-6566,candidate_332,moodle_93703",T1_email,0.98,2025-12-11,N,Advanced Excel; Medical Product Knowledge; Regulatory Documentation,,CDOB Compliance; Data Entry Accuracy,,4,2,3,0.908,N,,N
MN-R-0036,Rahmat Kartika Panjaitan,Denpasar,WHS_SPV,Warehouse Supervisor,Supply Chain,0.97,exact,WH  Supervisor,"HRIS_SuccessFactors,LMS_Moodle","EMP-3032,moodle_18841",T1_email,0.98,2021-07-03,N,,Medical Product Knowledge; Warehouse Safety,CDOB Compliance; Cold Chain Handling; Inventory Management; Team Leadership,,5,1,0,0.803,N,,N
MN-R-0037,"Firmansyah, Krisna",Medan,WHS_STAFF,Warehouse Staff,Supply Chain,0.97,exact,GUDANG | Warehouse Operator,"ATS_Workable,HRIS_SuccessFactors,LMS_Moodle","EMP-4106,candidate_209,moodle_56928",T1_email,0.98,2023-09-03,N,Cold Chain Handling; SAP Navigation; Team Leadership,,Data Entry Accuracy; Inventory Management; Warehouse Safety,,4,1,1,0.908,N,,N
MN-R-0038,Oktavianus  Joko  Simanjuntak,Semarang,FIN_ADMIN,Finance & Admin Staff,Corporate,0.97,exact,Admin | staff adm & keu,"ATS_Workable,HRIS_SuccessFactors","EMP-5078,candidate_314",T1_email,0.98,2023-09-29,N,Advanced Excel; Cold Chain Handling; Customer Relationship Management; Demand Forecasting; SAP Navigation,,Data Entry Accuracy,,3,2,3,0.983,N,,N
MN-R-0039,Andi  Pratama,Bekasi,SALES_JR,Sales Representative,Commercial,0.97,exact,Jr.  Sales | Sales Junior,"HRIS_SuccessFactors,LMS_Moodle","EMP-1827,EMP-8625,moodle_10191,moodle_75333",T3b_fuzzy_mid,0.7,2022-09-30,N,Data Entry Accuracy; Medical Product Knowledge; Route Planning,,Customer Relationship Management,,4,3,4,0.796,Y,identity_probabilistic_or_orphan,N
MN-R-0040,Budi  Dwi  Safitri,Palembang,SALES_SR,Senior Sales Representative,Commercial,0.97,exact,Sales 2 | Sr Medical Rep,"ATS_Workable,HRIS_SuccessFactors,LMS_Moodle","EMP-3395,candidate_675,moodle_33648",T1_email,0.98,2025-06-15,N,Customer Relationship Management; Regulatory Documentation; SAP Navigation,Distributor Negotiation; Medical Product Knowledge,Advanced Excel; Demand Forecasting,,5,3,3,0.983,N,,N
MN-R-0041,"Halim, Wahyu Lukman",Yogyakarta,WHS_SPV,Warehouse Supervisor,Supply Chain,0.97,exact,Spv  Gudang,HRIS_SuccessFactors,EMP-9234,T4_single_hris,0.85,,N,,,,CDOB Compliance; Cold Chain Handling; Inventory Management; Team Leadership; Warehouse Safety,5,0,1,0.631,Y,skill_no_signal,N
MN-R-0042,Gita  Halim,Semarang,SALES_SR,Senior Sales Representative,Commercial,0.97,exact,SR MEDICAL REP | Sales Executive Senior,"ATS_Workable,HRIS_SuccessFactors,LMS_Moodle","EMP-9660,candidate_478,moodle_79796",T1_email,0.98,2024-11-04,N,Customer Relationship Management; Data Entry Accuracy; Medical Product Knowledge,,Advanced Excel; Demand Forecasting; Distributor Negotiation,,5,2,2,0.863,N,,N
MN-R-0043,Rahma  Mardiana,Manado,PHARM_SPEC,Product Specialist (Pharma),Technical,0.97,exact,Apoteker Pendamping | Medical Representative | Pharmacy Assistant | Sales 1,"ATS_Workable,HRIS_SuccessFactors,LMS_Moodle","EMP-5387,EMP-5935,candidate_502,candidate_530,moodle_23569",T3b_fuzzy_mid,0.7,2023-03-05,N,Inventory Management; Medical Product Knowledge; Regulatory Documentation,,CDOB Compliance; Cold Chain Handling,,4,2,2,0.796,Y,identity_probabilistic_or_orphan,N
MN-R-0044,Wulan Santoso,Jakarta Pusat,PHARM_SPEC,Product Specialist (Pharma),Technical,0.97,exact,Spesialis Produk,HRIS_SuccessFactors,EMP-3488,T3a_fuzzy_high,0.88,2023-12-11,N,Medical Product Knowledge; SAP Navigation,,CDOB Compliance; Cold Chain Handling; Regulatory Documentation,,4,1,3,0.793,N,,N
MN-R-0045,Oktavia Mardiana,Jakarta Pusat,WHS_STAFF,Warehouse Staff,Supply Chain,0.97,exact,STAFF GUDANG,"HRIS_SuccessFactors,LMS_Moodle","EMP-6261,moodle_90337",T3a_fuzzy_high,0.88,2021-09-22,N,Cold Chain Handling; Distributor Negotiation; Inventory Management; Route Planning,,Data Entry Accuracy; Warehouse Safety,,4,2,3,0.943,N,,N
MN-R-0046,Annisa Wibowo,Bekasi,SALES_SR,Senior Sales Representative,Commercial,0.97,exact,Senior Sales | Senior Sales Exec | Warehouse Operator,"ATS_Workable,HRIS_SuccessFactors,LMS_Moodle","EMP-5243,EMP-9358,candidate_981,moodle_22104,moodle_35126",T3b_fuzzy_mid,0.7,2025-09-26,Y,Cold Chain Handling; Customer Relationship Management; Data Entry Accuracy; Distributor Negotiation; Inventory Management; Team Leadership,Medical Product Knowledge,Advanced Excel; Demand Forecasting,,5,3,2,0.871,Y,identity_probabilistic_or_orphan;hire_date_conflict_within_hris,N
MN-R-0047,Eko  Kusuma,Balikpapan,LOG_COORD,Logistics Coordinator,Supply Chain,0.97,exact,Staff Logistik,HRIS_SuccessFactors,EMP-5841,T3a_fuzzy_high,0.88,2024-01-22,N,,,,Cold Chain Handling; Inventory Management; Route Planning; SAP Navigation,4,0,3,0.643,Y,skill_no_signal,N
MN-R-0048,Rina  Yulianti,Manado,WHS_SPV,Warehouse Supervisor,Supply Chain,0.97,exact,Supervisor Warehouse,"ATS_Workable,HRIS_SuccessFactors,LMS_Moodle","EMP-9720,candidate_567,moodle_42258",T1_email,0.98,2024-09-24,N,Customer Relationship Management; Inventory Management; Team Leadership,CDOB Compliance; Cold Chain Handling,Warehouse Safety,,5,4,3,0.983,N,,N
MN-R-0049,Bayu Kurnianwan,Manado,SALES_JR,Sales Representative,Commercial,0.97,exact,sales junior,"HRIS_SuccessFactors,LMS_Moodle","EMP-9580,moodle_56528",T3a_fuzzy_high,0.88,2021-06-02,N,,Medical Product Knowledge,Customer Relationship Management; Data Entry Accuracy; Route Planning,,4,1,3,0.718,N,,N
MN-R-0050,Imam Kurnianwan,Manado,FIN_ADMIN,Finance & Admin Staff,Corporate,0.97,exact,Accounting Staff | Staff Finance,"ATS_Workable,HRIS_SuccessFactors,LMS_Moodle","EMP-8505,candidate_741,moodle_45719",T1_email,0.98,2025-12-05,N,,Advanced Excel; SAP Navigation,Data Entry Accuracy,,3,2,2,0.883,N,,N
MN-R-0051,"Panjaitan, Oktavianus",Makassar,SALES_SR,Senior Sales Representative,Commercial,0.97,exact,Sales 2,"HRIS_SuccessFactors,LMS_Moodle","EMP-3931,moodle_22711",T3a_fuzzy_high,0.88,2019-11-09,N,,Regulatory Documentation,Advanced Excel; Customer Relationship Management; Demand Forecasting; Distributor Negotiation; Medical Product Knowledge,,5,0,2,0.703,N,,N
MN-R-0052,Teguh Firmansyah,Jakarta Pusat,SALES_MGR,Branch Sales Manager,Commercial,0.97,exact,MANAGER PENJUALAN | branch sales head,"ATS_Workable,HRIS_SuccessFactors","EMP-9472,candidate_163",T1_email,0.98,2024-05-10,N,Team Leadership,,Advanced Excel; Customer Relationship Management; Demand Forecasting; Distributor Negotiation,,5,1,1,0.743,N,,N
MN-R-0053,Nuur Safitri,Balikpapan,SALES_SR,Senior Sales Representative,Commercial,0.97,exact,SENIOR SALES | Senior Sales,"ATS_Workable,HRIS_SuccessFactors,LMS_Moodle","EMP-3014,candidate_611,moodle_17570",T1_email,0.98,2024-10-10,N,Customer Relationship Management; Distributor Negotiation,,Advanced Excel; Demand Forecasting; Medical Product Knowledge,,5,2,0,0.803,N,,N
MN-R-0054,Zainal Kusuma,Semarang,WHS_SPV,Warehouse Supervisor,Supply Chain,0.97,exact,Koordinator Gudang,HRIS_SuccessFactors,EMP-4919,T3a_fuzzy_high,0.88,2024-08-22,N,,,,CDOB Compliance; Cold Chain Handling; Inventory Management; Team Leadership; Warehouse Safety,5,0,1,0.643,Y,skill_no_signal,N
MN-R-0055,Fajar Achmad Kusuma,Yogyakarta,WHS_STAFF,Warehouse Staff,Supply Chain,0.97,exact,WAREHOUSE ADMIN | Warehouse Admin,"ATS_Workable,HRIS_SuccessFactors","EMP-4953,candidate_523",T3a_fuzzy_high,0.88,2024-02-18,N,Advanced Excel; Data Entry Accuracy; Distributor Negotiation; Inventory Management; Warehouse Safety,,Cold Chain Handling,,4,3,1,0.943,N,,N
MN-R-0056,Surya Hidayah,Denpasar,LOG_COORD,Logistics Coordinator,Supply Chain,0.97,exact,Koordinator Logistik | LOGISTICS STAFF,"ATS_Workable,HRIS_SuccessFactors","EMP-1058,candidate_141",T3b_fuzzy_mid,0.7,2024-07-14,N,Inventory Management; Medical Product Knowledge; Warehouse Safety,,Cold Chain Handling; Route Planning; SAP Navigation,,4,1,1,0.796,Y,identity_probabilistic_or_orphan,N
MN-R-0057,Achmad Lestari,Surabaya,LOG_COORD,Logistics Coordinator,Supply Chain,0.97,exact,Koordinator Logistik | Logistic Coord,HRIS_SuccessFactors,"EMP-6766,EMP-7827",T2_name_dob,0.92,2019-04-28,Y,,,,Cold Chain Handling; Inventory Management; Route Planning; SAP Navigation,4,0,2,0.659,Y,skill_no_signal;hire_date_conflict_within_hris;status_conflict_possible_transfer,N
MN-R-0058,Erika  Irfan  Saputra,Bekasi,SALES_MGR,Branch Sales Manager,Commercial,0.97,exact,Manager Penjualan,"HRIS_SuccessFactors,LMS_Moodle","EMP-3497,moodle_49835",T1_email,0.98,2014-08-13,N,Advanced Excel; Customer Relationship Management; Distributor Negotiation; Warehouse Safety,,Demand Forecasting; Team Leadership,,5,3,3,0.923,N,,N
MN-R-0059,Maya  Saputra,Balikpapan,SALES_MGR,Branch Sales Manager,Commercial,0.97,exact,Branch  Sales  Head,"HRIS_SuccessFactors,LMS_Moodle","EMP-2401,moodle_99119",T1_email,0.98,2018-05-21,N,,Advanced Excel,Customer Relationship Management; Demand Forecasting; Distributor Negotiation; Team Leadership,,5,1,0,0.743,N,,N
MN-R-0060,Irfan  Simanjuntak,Bandung,FIN_ADMIN,Finance & Admin Staff,Corporate,0.97,exact,Admin Keuangan,"HRIS_SuccessFactors,LMS_Moodle","EMP-9721,moodle_96006",T1_email,0.98,2022-04-06,N,Advanced Excel; Cold Chain Handling; Customer Relationship Management,,Data Entry Accuracy; SAP Navigation,,3,1,2,0.983,N,,N
MN-R-0061,Zainal Mardiana,Medan,LOG_COORD,Logistics Coordinator,Supply Chain,0.97,exact,Distribution Coordinator,"HRIS_SuccessFactors,LMS_Moodle","EMP-5387,moodle_84702",T3a_fuzzy_high,0.88,2022-09-16,N,,SAP Navigation,Cold Chain Handling; Inventory Management; Route Planning,,4,1,0,0.718,N,,N
MN-R-0062,Rizki Santoso,Denpasar,PHARM_SPEC,Product Specialist (Pharma),Technical,0.97,exact,asisten apoteker,HRIS_SuccessFactors,EMP-4879,T3a_fuzzy_high,0.88,2021-12-03,N,CDOB Compliance; Cold Chain Handling,,Medical Product Knowledge; Regulatory Documentation,,4,2,3,0.793,N,,N
MN-R-0063,"Firmansyah, Zainal Siti",Yogyakarta,WHS_SPV,Warehouse Supervisor,Supply Chain,0.97,exact,Supervisor Warehouse,"HRIS_SuccessFactors,LMS_Moodle","EMP-9801,moodle_12072",T1_email,0.98,2020-06-03,N,Cold Chain Handling; Team Leadership,Warehouse Safety,CDOB Compliance; Inventory Management,,5,3,1,0.863,N,,N
MN-R-0064,WAHYU KARTIKA HALIM,Yogyakarta,SALES_JR,Sales Representative,Commercial,0.97,exact,Medical Representative,"HRIS_SuccessFactors,LMS_Moodle","EMP-9689,moodle_12018",T1_email,0.98,2021-09-13,N,,Data Entry Accuracy; Medical Product Knowledge,Customer Relationship Management; Route Planning,,4,2,2,0.833,N,,N
MN-R-0065,Hasan Hidayah,Manado,FIN_ADMIN,Finance & Admin Staff,Corporate,0.97,exact,Accounting Staff | Admin Keuangan,"ATS_Workable,HRIS_SuccessFactors,LMS_Moodle","EMP-8100,candidate_514,moodle_18376",T1_email,0.98,2023-08-23,N,Advanced Excel; Medical Product Knowledge; SAP Navigation,,Data Entry Accuracy,,3,2,0,0.983,N,,N
MN-R-0066,Rahma Nugraha,Manado,WHS_STAFF,Warehouse Staff,Supply Chain,0.97,exact,WAREHOUSE OPERATOR | Warehouse Operator,"ATS_Workable,HRIS_SuccessFactors,LMS_Moodle","EMP-9458,candidate_235,moodle_91169",T1_email,0.98,2026-02-23,N,,Route Planning; Warehouse Safety,Cold Chain Handling; Data Entry Accuracy; Inventory Management,,4,1,1,0.833,N,,N
MN-R-0067,"Hidayat, Sari Dinda",Surabaya,IT_SUPPORT,IT Support Officer,Corporate,0.97,exact,Staff IT | Teknisi IT,"ATS_Workable,HRIS_SuccessFactors","EMP-3790,candidate_177",T3b_fuzzy_mid,0.7,2023-05-23,N,,,,Advanced Excel; Data Entry Accuracy; SAP Navigation,3,0,2,0.571,Y,identity_probabilistic_or_orphan;skill_no_signal,N
MN-R-0068,Dewie Safitri,Bandung,SALES_SR,Senior Sales Representative,Commercial,0.97,exact,Sr Medical Rep | senior sales exec,"ATS_Workable,HRIS_SuccessFactors,LMS_Moodle","EMP-1282,candidate_290,moodle_35843",T1_email,0.98,2025-07-21,N,Customer Relationship Management; Demand Forecasting; Distributor Negotiation,,Advanced Excel; Medical Product Knowledge,,5,3,3,0.863,N,,N
MN-R-0069,J. Mardiana,Balikpapan,IT_SUPPORT,IT Support Officer,Corporate,0.97,exact,Teknisi IT,HRIS_SuccessFactors,EMP-6762,T4_single_hris,0.85,,N,,,,Advanced Excel; Data Entry Accuracy; SAP Navigation,3,0,1,0.631,Y,skill_no_signal,N
MN-R-0070,"Tanujaya, Tika Citra",Bandung,SALES_SR,Senior Sales Representative,Commercial,0.97,exact,SR. SALES | Senior Sales,"ATS_Workable,HRIS_SuccessFactors","EMP-9656,candidate_181",T1_email,0.98,2025-03-19,N,Advanced Excel; Customer Relationship Management; Demand Forecasting; Medical Product Knowledge; Regulatory Documentation,,Distributor Negotiation,,5,4,2,0.983,N,,N
MN-R-0071,Muhamad Yulianti,Semarang,QA_REG,Regulatory & QA Officer,Technical,0.97,exact,QA Officer,HRIS_SuccessFactors,EMP-3317,T3a_fuzzy_high,0.88,2020-07-29,N,,,,CDOB Compliance; Data Entry Accuracy; Medical Product Knowledge; Regulatory Documentation,4,0,1,0.643,Y,skill_no_signal,N
MN-R-0072,Annisa Panjaitan,Semarang,SALES_SR,Senior Sales Representative,Commercial,0.97,exact,SR. SALES | Senior Sales,"HRIS_SuccessFactors,LMS_Moodle","EMP-8158,EMP-8742,moodle_40907",T2_name_dob,0.92,2025-09-14,Y,Demand Forecasting; Distributor Negotiation; Medical Product Knowledge,,Advanced Excel; Customer Relationship Management,,5,3,2,0.839,Y,hire_date_conflict_within_hris;status_conflict_possible_transfer,N
MN-R-0073,Fitry Puspita,Bekasi,LOG_COORD,Logistics Coordinator,Supply Chain,0.97,exact,koordinator logistik,HRIS_SuccessFactors,EMP-6618,T3b_fuzzy_mid,0.7,,N,,,,Cold Chain Handling; Inventory Management; Route Planning; SAP Navigation,4,0,3,0.571,Y,identity_probabilistic_or_orphan;skill_no_signal,N
MN-R-0074,"Saputra, Yuni",Makassar,PHARM_SPEC,Product Specialist (Pharma),Technical,0.97,exact,PHARMACY ASSISTANT | Product Spec,"ATS_Workable,HRIS_SuccessFactors,LMS_Moodle","EMP-9829,candidate_712,moodle_78487",T1_email,0.98,2023-07-30,N,CDOB Compliance; Cold Chain Handling; Route Planning,,Medical Product Knowledge; Regulatory Documentation,,4,2,2,0.908,N,,N
MN-R-0075,"Hidayat, Jihan Dwi",Manado,SALES_SR,Senior Sales Representative,Commercial,0.97,exact,Sales Senior,"ATS_Workable,HRIS_SuccessFactors,LMS_Moodle","EMP-5850,candidate_466,moodle_48244",T1_email,0.98,2024-08-16,N,Advanced Excel; Demand Forecasting; Regulatory Documentation,,Customer Relationship Management; Distributor Negotiation; Medical Product Knowledge,,5,2,0,0.863,N,,N
MN-R-0076,"Panjaitan, Gita",Surabaya,WHS_SPV,Warehouse Supervisor,Supply Chain,0.97,exact,Warehouse Spv,"HRIS_SuccessFactors,LMS_Moodle","EMP-1971,moodle_19597",T1_email,0.98,2018-09-06,N,CDOB Compliance; Distributor Negotiation; Inventory Management,,Cold Chain Handling; Team Leadership; Warehouse Safety,,5,2,1,0.863,N,,N
MN-R-0077,Indah  Anisa  Simanjuntak,Bandung,SALES_SR,Senior Sales Representative,Commercial,0.97,exact,Sr Medical Rep,"HRIS_SuccessFactors,LMS_Moodle","EMP-4151,moodle_88864",T1_email,0.98,2021-07-02,N,,Demand Forecasting; Distributor Negotiation,Advanced Excel; Customer Relationship Management; Medical Product Knowledge,,5,2,3,0.803,N,,N
MN-R-0078,Nuur Maulana,Bekasi,SALES_SR,Senior Sales Representative,Commercial,0.97,exact,SR. SALES | senior sales,"ATS_Workable,HRIS_SuccessFactors,LMS_Moodle","EMP-6281,candidate_400,moodle_62137",T1_email,0.98,2023-11-27,N,Customer Relationship Management; Inventory Management,Medical Product Knowledge,Advanced Excel; Demand Forecasting; Distributor Negotiation,,5,2,2,0.863,N,,N
MN-R-0079,Eko Nugraha,Yogyakarta,QA_REG,Regulatory & QA Officer,Technical,0.97,exact,Staff QA,HRIS_SuccessFactors,EMP-7000,T4_single_hris,0.85,,N,,,,CDOB Compliance; Data Entry Accuracy; Medical Product Knowledge; Regulatory Documentation,4,0,1,0.631,Y,skill_no_signal,N
MN-R-0080,"Firmansyah, Joko Lukman",Makassar,WHS_SPV,Warehouse Supervisor,Supply Chain,0.97,exact,WH Supervisor,"HRIS_SuccessFactors,LMS_Moodle","EMP-1455,moodle_13777",T1_email,0.98,2016-10-11,N,,Inventory Management; Team Leadership; Warehouse Safety,CDOB Compliance; Cold Chain Handling,,5,3,3,0.863,N,,N
MN-R-0081,"Firmansyah, Wahyu",Bekasi,PHARM_SPEC,Product Specialist (Pharma),Technical,0.97,exact,IT Support | Spesialis Produk,"HRIS_SuccessFactors,LMS_Moodle","EMP-1408,EMP-2360,moodle_29449,moodle_64729",T1_email,0.98,2021-01-05,Y,CDOB Compliance; Cold Chain Handling; Distributor Negotiation; SAP Navigation,Regulatory Documentation,Medical Product Knowledge,,4,3,1,0.983,Y,hire_date_conflict_within_hris,N
MN-R-0082,WULAN SANTOSO,Jakarta Pusat,PHARM_SPEC,Product Specialist (Pharma),Technical,0.97,exact,Apoteker Pendamping,"ATS_Workable,LMS_Moodle","candidate_570,moodle_99810",T1_email,0.98,2023-11-12,N,Medical Product Knowledge; SAP Navigation,,CDOB Compliance; Cold Chain Handling; Regulatory Documentation,,4,1,0,0.833,N,,N
MN-R-0083,"Setiawan, Nanda",Makassar,WHS_STAFF,Warehouse Staff,Supply Chain,0.97,exact,Warehouse Admin,"HRIS_SuccessFactors,LMS_Moodle","EMP-9066,moodle_42274",T1_email,0.98,2020-12-14,N,,Cold Chain Handling,Data Entry Accuracy; Inventory Management; Warehouse Safety,,4,1,3,0.758,N,,N
MN-R-0084,T. Citra Tanujaya,Bandung,SALES_SR,Senior Sales Representative,Commercial,0.97,exact,Senior Sales,HRIS_SuccessFactors,EMP-9656,T4_single_hris,0.85,,N,,,,Advanced Excel; Customer Relationship Management; Demand Forecasting; Distributor Negotiation; Medical Product Knowledge,5,0,1,0.631,Y,skill_no_signal,N
MN-R-0085,"Wibowo, Wahyu",Semarang,SALES_JR,Sales Representative,Commercial,0.97,exact,Salesman,"HRIS_SuccessFactors,LMS_Moodle","EMP-2280,moodle_32206",T1_email,0.98,2021-01-16,N,,SAP Navigation,Customer Relationship Management; Data Entry Accuracy; Medical Product Knowledge; Route Planning,,4,0,0,0.758,N,,N
MN-R-0086,Maya Lestari,Balikpapan,SALES_JR,Sales Representative,Commercial,0.97,exact,MEDICAL REPRESENTATIVE | Sales 1,"ATS_Workable,HRIS_SuccessFactors,LMS_Moodle","EMP-6684,candidate_909,moodle_18838",T1_email,0.98,2024-10-24,N,,Customer Relationship Management,Data Entry Accuracy; Medical Product Knowledge; Route Planning,,4,1,0,0.758,N,,N
MN-R-0087,Dedi  Wibowo,Denpasar,IT_SUPPORT,IT Support Officer,Corporate,0.97,exact,Helpdesk,"HRIS_SuccessFactors,LMS_Moodle","EMP-6726,moodle_86529",T3a_fuzzy_high,0.88,,N,,Advanced Excel,Data Entry Accuracy; SAP Navigation,,3,1,3,0.743,N,,N
MN-R-0088,"Permana, Lestari",Palembang,WHS_SPV,Warehouse Supervisor,Supply Chain,0.97,exact,WAREHOUSE SPV,HRIS_SuccessFactors,EMP-8896,T3a_fuzzy_high,0.88,,N,,,,CDOB Compliance; Cold Chain Handling; Inventory Management; Team Leadership; Warehouse Safety,5,0,3,0.643,Y,skill_no_signal,N
MN-R-0089,"Halim, Hasan",Manado,SALES_JR,Sales Representative,Commercial,0.97,exact,SALES 1,HRIS_SuccessFactors,EMP-4450,T3a_fuzzy_high,0.88,2022-05-14,N,,,,Customer Relationship Management; Data Entry Accuracy; Medical Product Knowledge; Route Planning,4,0,1,0.643,Y,skill_no_signal,N
MN-R-0090,Eko  Puspita,Surabaya,SALES_SR,Senior Sales Representative,Commercial,0.97,exact,Sales Executive Senior | Senior Sales Exec,"ATS_Workable,HRIS_SuccessFactors,LMS_Moodle","EMP-6444,candidate_886,moodle_12940",T1_email,0.98,2026-01-12,N,Advanced Excel; Customer Relationship Management; Medical Product Knowledge,,Demand Forecasting; Distributor Negotiation,,5,3,1,0.863,N,,N
MN-R-0091,"Hutapea, Rahma",Manado,WHS_STAFF,Warehouse Staff,Supply Chain,0.97,exact,Warehouse  Operator | Warehouse Operator,"ATS_Workable,HRIS_SuccessFactors,LMS_Moodle","EMP-2322,candidate_343,moodle_69318",T1_email,0.98,2023-05-20,N,,Cold Chain Handling; Data Entry Accuracy,Inventory Management; Warehouse Safety,,4,2,2,0.833,N,,N
MN-R-0092,Fitry Puspita,Bekasi,LOG_COORD,Logistics Coordinator,Supply Chain,0.97,exact,LOGISTIC COORD | Senior Sales Exec | koordinator logistik,"ATS_Workable,HRIS_SuccessFactors,LMS_Moodle","EMP-5508,EMP-6444,EMP-6618,candidate_424,moodle_12940,moodle_37522",T3b_fuzzy_mid,0.7,2024-03-19,N,Cold Chain Handling; Route Planning; SAP Navigation,Medical Product Knowledge,Inventory Management,,4,3,2,0.871,Y,identity_probabilistic_or_orphan,N
MN-R-0093,Wahyu  Firmansyah,,IT_SUPPORT,IT Support Officer,Corporate,0.97,exact,IT Support,"HRIS_SuccessFactors,LMS_Moodle","EMP-2360,moodle_64729",T3a_fuzzy_high,0.88,,N,,SAP Navigation,Advanced Excel; Data Entry Accuracy,,3,1,1,0.743,N,,N
MN-R-0094,"Tanujaya, Ratna",Makassar,SALES_JR,Sales Representative,Commercial,0.97,exact,Medical Representative | Sales Junior,HRIS_SuccessFactors,"EMP-6197,EMP-8657",T2_name_dob,0.92,2021-04-30,Y,,,,Customer Relationship Management; Data Entry Accuracy; Medical Product Knowledge; Route Planning,4,0,2,0.659,Y,skill_no_signal;hire_date_conflict_within_hris;status_conflict_possible_transfer,N
MN-R-0095,Maya  Intan  Handayani,Jakarta Pusat,PHARM_SPEC,Product Specialist (Pharma),Technical,0.97,exact,PHARMACY ASSISTANT | Spesialis  Produk,"ATS_Workable,HRIS_SuccessFactors,LMS_Moodle","EMP-4398,candidate_337,moodle_91056",T3b_fuzzy_mid,0.7,2023-03-19,N,Customer Relationship Management; Regulatory Documentation,,CDOB Compliance; Cold Chain Handling; Medical Product Knowledge,,4,1,3,0.721,Y,identity_probabilistic_or_orphan,N
MN-R-0096,Dwi Utami,Jakarta Pusat,WHS_STAFF,Warehouse Staff,Supply Chain,0.97,exact,Staff Gudang,HRIS_SuccessFactors,EMP-9501,T3a_fuzzy_high,0.88,2025-04-23,N,,,,Cold Chain Handling; Data Entry Accuracy; Inventory Management; Warehouse Safety,4,0,2,0.643,Y,skill_no_signal,N
MN-R-0097,Rahma  Anggraini,Denpasar,PHARM_SPEC,Product Specialist (Pharma),Technical,0.97,exact,ASISTEN APOTEKER | Pharmacy Assistant,"ATS_Workable,HRIS_SuccessFactors,LMS_Moodle","EMP-7047,candidate_675,moodle_25311",T1_email,0.98,2025-08-29,N,Customer Relationship Management; Distributor Negotiation; Medical Product Knowledge,,CDOB Compliance; Cold Chain Handling; Regulatory Documentation,,4,1,2,0.908,N,,N
MN-R-0098,"Saputra, Eko",Balikpapan,PHARM_SPEC,Product Specialist (Pharma),Technical,0.97,exact,Pharmacy Assistant | Product Specialist,"ATS_Workable,HRIS_SuccessFactors,LMS_Moodle","EMP-6483,candidate_110,moodle_26570,moodle_78487",T3b_fuzzy_mid,0.7,2024-12-29,N,Team Leadership,CDOB Compliance,Cold Chain Handling; Medical Product Knowledge; Regulatory Documentation,,4,1,3,0.721,Y,identity_probabilistic_or_orphan,N
MN-R-0099,Risky Nugroho,Bandung,SALES_SR,Senior Sales Representative,Commercial,0.97,exact,Sales 2,"HRIS_SuccessFactors,LMS_Moodle","EMP-7270,moodle_36540",T1_email,0.98,2018-12-01,N,Advanced Excel; Demand Forecasting; Inventory Management; Warehouse Safety,Customer Relationship Management,Distributor Negotiation; Medical Product Knowledge,,5,3,0,0.983,N,,N
MN-R-0100,Siti Wijaya,Yogyakarta,FIN_ADMIN,Finance & Admin Staff,Corporate,0.97,exact,Staff Adm & Keu,"HRIS_SuccessFactors,LMS_Moodle","EMP-1600,moodle_35836",T1_email,0.98,2022-07-04,N,,Advanced Excel; Data Entry Accuracy,SAP Navigation,,3,2,2,0.883,N,,N
MN-R-0101,Oktavianus Wijaya,Medan,SALES_MGR,Branch Sales Manager,Commercial,0.97,exact,Sales Manager,HRIS_SuccessFactors,EMP-6936,T4_single_hris,0.85,2018-02-26,N,,,,Advanced Excel; Customer Relationship Management; Demand Forecasting; Distributor Negotiation; Team Leadership,5,0,0,0.631,Y,skill_no_signal,N
MN-R-0102,BUDI TANUJAYA,Bekasi,PHARM_SPEC,Product Specialist (Pharma),Technical,0.97,exact,Spesialis Produk | sales rep,"HRIS_SuccessFactors,LMS_Moodle","EMP-7206,EMP-8441,moodle_11584,moodle_80257",T3b_fuzzy_mid,0.7,2022-06-04,Y,Cold Chain Handling; Data Entry Accuracy; Medical Product Knowledge; Regulatory Documentation,,CDOB Compliance,,4,3,3,0.871,Y,identity_probabilistic_or_orphan;hire_date_conflict_within_hris,N
MN-R-0103,Novi Kurnianwan,Balikpapan,FIN_ADMIN,Finance & Admin Staff,Corporate,0.97,exact,Admin,"HRIS_SuccessFactors,LMS_Moodle","EMP-5172,moodle_28286",T1_email,0.98,2022-08-12,N,,SAP Navigation,Advanced Excel; Data Entry Accuracy,,3,1,3,0.783,N,,N
MN-R-0104,"Ramadhan, Fitri",Palembang,PHARM_SPEC,Product Specialist (Pharma),Technical,0.97,exact,Pharmacy Assistant,"HRIS_SuccessFactors,LMS_Moodle","EMP-5049,moodle_69232",T3a_fuzzy_high,0.88,2025-12-10,N,,CDOB Compliance,Cold Chain Handling; Medical Product Knowledge; Regulatory Documentation,,4,1,0,0.718,N,,N
MN-R-0105,Fitry Saputra,Jakarta Pusat,LOG_COORD,Logistics Coordinator,Supply Chain,0.97,exact,Koordinator Logistik,"ATS_Workable,HRIS_SuccessFactors,LMS_Moodle","EMP-9505,candidate_452,moodle_41632",T1_email,0.98,2025-03-21,N,Inventory Management; SAP Navigation,Regulatory Documentation,Cold Chain Handling; Route Planning,,4,2,1,0.908,N,,N
MN-R-0106,Novi  Wibowo,Surabaya,SALES_JR,Sales Representative,Commercial,0.97,exact,Jr. Sales | STAFF SALES | Sales Junior,"ATS_Workable,HRIS_SuccessFactors,LMS_Moodle","EMP-7114,EMP-9007,candidate_602,moodle_64655",T2_name_dob,0.92,2025-10-08,Y,Customer Relationship Management; Medical Product Knowledge; Regulatory Documentation; Route Planning,,Data Entry Accuracy,,4,3,3,0.959,Y,hire_date_conflict_within_hris;status_conflict_possible_transfer,N
MN-R-0107,"Ramadhan, Zainal",Medan,WHS_STAFF,Warehouse Staff,Supply Chain,0.97,exact,WAREHOUSE ADMIN,"HRIS_SuccessFactors,LMS_Moodle","EMP-5846,moodle_11128",T3a_fuzzy_high,0.88,2021-12-11,N,,Cold Chain Handling,Data Entry Accuracy; Inventory Management; Warehouse Safety,,4,1,3,0.718,N,,N
MN-R-0108,P. Permana,Balikpapan,LOG_COORD,Logistics Coordinator,Supply Chain,0.97,exact,LOGISTICS STAFF,HRIS_SuccessFactors,EMP-8876,T4_single_hris,0.85,2022-10-20,N,,,,Cold Chain Handling; Inventory Management; Route Planning; SAP Navigation,4,0,0,0.631,Y,skill_no_signal,N
MN-R-0109,D. Kurniawan,Jakarta Pusat,FIN_ADMIN,Finance & Admin Staff,Corporate,0.97,exact,ADMIN KEUANGAN,HRIS_SuccessFactors,EMP-9318,T4_single_hris,0.85,2022-07-23,N,Data Entry Accuracy,,Advanced Excel; SAP Navigation,,3,1,0,0.731,N,,N
MN-R-0110,Achmad Simanjuntak,Bandung,PHARM_SPEC,Product Specialist (Pharma),Technical,0.97,exact,Asisten Apoteker,HRIS_SuccessFactors,EMP-3589,T3a_fuzzy_high,0.88,2020-10-09,N,,,,CDOB Compliance; Cold Chain Handling; Medical Product Knowledge; Regulatory Documentation,4,0,3,0.643,Y,skill_no_signal,N
MN-R-0111,"Panjaitan, Tika",Yogyakarta,LOG_COORD,Logistics Coordinator,Supply Chain,0.97,exact,koordinator logistik,HRIS_SuccessFactors,EMP-2253,T3a_fuzzy_high,0.88,2019-07-24,N,SAP Navigation,,Cold Chain Handling; Inventory Management; Route Planning,,4,1,1,0.718,N,,N
MN-R-0112,Lukman  Wijaya,Surabaya,LOG_COORD,Logistics Coordinator,Supply Chain,0.97,exact,Koordinator Logistik | Staff Logistik,"ATS_Workable,HRIS_SuccessFactors,LMS_Moodle","EMP-9453,candidate_677,moodle_16106",T2_name_dob,0.92,2025-09-02,N,Medical Product Knowledge; Regulatory Documentation; Route Planning,,Cold Chain Handling; Inventory Management; SAP Navigation,,4,1,3,0.884,N,,N
MN-R-0113,"Wijaya, Nanda",Denpasar,PHARM_SPEC,Product Specialist (Pharma),Technical,0.97,exact,Asisten Apoteker,"HRIS_SuccessFactors,LMS_Moodle","EMP-8190,moodle_12085",T3a_fuzzy_high,0.88,2019-10-16,N,Advanced Excel; CDOB Compliance,Medical Product Knowledge,Cold Chain Handling; Regulatory Documentation,,4,2,3,0.868,N,,N
MN-R-0114,WAHYU TANUJAYA,Surabaya,LOG_COORD,Logistics Coordinator,Supply Chain,0.97,exact,DISTRIBUTION COORDINATOR | Staff  Logistik,"ATS_Workable,HRIS_SuccessFactors,LMS_Moodle","EMP-4845,candidate_124,moodle_84114",T1_email,0.98,2023-06-04,N,Cold Chain Handling; Inventory Management; Team Leadership,,Route Planning; SAP Navigation,,4,2,0,0.908,N,,N
MN-R-0115,"Anggraini, Bayu",Medan,FIN_ADMIN,Finance & Admin Staff,Corporate,0.97,exact,STAFF ADM & KEU | Staff Adm & Keu,"ATS_Workable,HRIS_SuccessFactors","EMP-9192,candidate_761",T1_email,0.98,2024-12-05,N,Advanced Excel; Data Entry Accuracy,,SAP Navigation,,3,2,1,0.883,N,,N
MN-R-0116,"Maulana, Yusuf",Bekasi,LOG_COORD,Logistics Coordinator,Supply Chain,0.97,exact,LOGISTIC COORD,"HRIS_SuccessFactors,LMS_Moodle","EMP-9969,moodle_99705",T1_email,0.98,2019-01-21,N,Cold Chain Handling; Inventory Management; SAP Navigation,,Route Planning,,4,3,2,0.908,N,,N
MN-R-0117,Lestari Galih Lestari,Surabaya,SALES_SR,Senior Sales Representative,Commercial,0.97,exact,Senior Sales Exec,"HRIS_SuccessFactors,LMS_Moodle","EMP-9462,moodle_92714",T1_email,0.98,,N,,Customer Relationship Management; Demand Forecasting,Advanced Excel; Distributor Negotiation; Medical Product Knowledge,,5,2,1,0.803,N,,N
MN-R-0118,Hasan Nugraha,Bekasi,SALES_SR,Senior Sales Representative,Commercial,0.97,exact,Sales Executive Senior,"HRIS_SuccessFactors,LMS_Moodle","EMP-4438,moodle_31167",T1_email,0.98,2021-08-21,N,,Advanced Excel; Distributor Negotiation; Route Planning,Customer Relationship Management; Demand Forecasting; Medical Product Knowledge,,5,2,2,0.863,N,,N
MN-R-0119,Lestari  Hana  Mardiana,Balikpapan,QA_REG,Regulatory & QA Officer,Technical,0.97,exact,Petugas Regulasi | Staff QA,"ATS_Workable,HRIS_SuccessFactors,LMS_Moodle","EMP-7809,candidate_572,moodle_53824",T1_email,0.98,2023-12-17,N,Data Entry Accuracy; Medical Product Knowledge; Regulatory Documentation,,CDOB Compliance,,4,3,1,0.908,N,,N
MN-R-0120,Irfan  Pratama,Bandung,PHARM_SPEC,Product Specialist (Pharma),Technical,0.97,exact,Spesialis  Produk | product spec,"ATS_Workable,HRIS_SuccessFactors,LMS_Moodle","EMP-4904,candidate_163,moodle_33754",T1_email,0.98,2024-01-03,N,CDOB Compliance; Cold Chain Handling; Regulatory Documentation; Team Leadership,,Medical Product Knowledge,,4,3,0,0.983,N,,N
MN-R-0121,Rizki Sanjaya,Yogyakarta,FIN_ADMIN,Finance & Admin Staff,Corporate,0.97,exact,Accounting  Staff,"HRIS_SuccessFactors,LMS_Moodle","EMP-6112,moodle_41847",T1_email,0.98,2021-03-17,N,Advanced Excel; SAP Navigation,,Data Entry Accuracy,,3,2,1,0.883,N,,N
MN-R-0122,Surya  Indah  Firmansyah,Jakarta Pusat,SALES_SR,Senior Sales Representative,Commercial,0.97,exact,sr. sales,"HRIS_SuccessFactors,LMS_Moodle","EMP-2657,moodle_31984",T1_email,0.98,2021-05-11,N,Advanced Excel; Demand Forecasting,,Customer Relationship Management; Distributor Negotiation; Medical Product Knowledge,,5,2,3,0.803,N,,N
MN-R-0123,Gita  Wulan  Pratama,Balikpapan,WHS_SPV,Warehouse Supervisor,Supply Chain,0.97,exact,Koordinator Gudang,"HRIS_SuccessFactors,LMS_Moodle","EMP-2619,moodle_89430",T1_email,0.98,2017-01-12,N,,Cold Chain Handling,CDOB Compliance; Inventory Management; Team Leadership; Warehouse Safety,,5,1,0,0.743,N,,N
MN-R-0124,Gita  Budi  Maulana,Denpasar,SALES_JR,Sales Representative,Commercial,0.97,exact,Sales Rep,"HRIS_SuccessFactors,LMS_Moodle","EMP-6089,moodle_35821",T3a_fuzzy_high,0.88,2022-01-19,N,,Customer Relationship Management,Data Entry Accuracy; Medical Product Knowledge; Route Planning,,4,1,1,0.718,N,,N
MN-R-0125,"Santoso, Maya",Bekasi,FIN_ADMIN,Finance & Admin Staff,Corporate,0.97,exact,Admin Keuangan | Finance Admin,"ATS_Workable,HRIS_SuccessFactors,LMS_Moodle","EMP-8666,candidate_883,moodle_72974",T1_email,0.98,2024-04-11,N,Data Entry Accuracy; Demand Forecasting; SAP Navigation,,Advanced Excel,,3,2,1,0.983,N,,N
MN-R-0126,Maya  Safitri,Yogyakarta,SALES_JR,Sales Representative,Commercial,0.97,exact,Medical Representative | Sales  Rep,"ATS_Workable,HRIS_SuccessFactors,LMS_Moodle","EMP-4750,candidate_525,moodle_66948,moodle_70620",T1_email,0.98,2024-02-26,N,Customer Relationship Management; Data Entry Accuracy; Medical Product Knowledge,Inventory Management,Route Planning,,4,3,1,0.983,N,,N
MN-R-0127,JOKO MARDIANA,Balikpapan,IT_SUPPORT,IT Support Officer,Corporate,0.97,exact,Teknisi IT,"ATS_Workable,HRIS_SuccessFactors","EMP-6762,candidate_287",T1_email,0.98,2024-09-29,N,Data Entry Accuracy; SAP Navigation,,Advanced Excel,,3,2,2,0.883,N,,N
MN-R-0128,A. Wibowo,Surabaya,WHS_STAFF,Warehouse Staff,Supply Chain,0.97,exact,Warehouse Operator,HRIS_SuccessFactors,EMP-5243,T3a_fuzzy_high,0.88,,N,,,,Cold Chain Handling; Data Entry Accuracy; Inventory Management; Warehouse Safety,4,0,2,0.643,Y,skill_no_signal,N
MN-R-0129,Rina  Irfan  Utami,Makassar,SALES_JR,Sales Representative,Commercial,0.97,exact,Sales Rep | Staff Sales,"HRIS_SuccessFactors,LMS_Moodle","EMP-2091,EMP-4651,moodle_41962",T1_email,0.98,2022-06-02,Y,,Medical Product Knowledge,Customer Relationship Management; Data Entry Accuracy; Route Planning,,4,1,3,0.758,Y,hire_date_conflict_within_hris;status_conflict_possible_transfer,N
MN-R-0130,RATNA WULAN SIMANJUNTAK,Bekasi,SALES_JR,Sales Representative,Commercial,0.97,exact,Sales Junior,"HRIS_SuccessFactors,LMS_Moodle","EMP-6015,moodle_88371",T1_email,0.98,2021-08-11,N,Customer Relationship Management; Medical Product Knowledge,,Data Entry Accuracy; Route Planning,,4,2,0,0.833,N,,N
MN-R-0131,"Lestari, Dedi",Yogyakarta,WHS_STAFF,Warehouse Staff,Supply Chain,0.97,exact,Petugas Gudang | WH Staff,"ATS_Workable,HRIS_SuccessFactors,LMS_Moodle","EMP-8679,candidate_990,moodle_70555",T1_email,0.98,2023-07-15,N,Data Entry Accuracy,,Cold Chain Handling; Inventory Management; Warehouse Safety,,4,1,2,0.758,N,,N
MN-R-0132,Dwi  Bayu  Handayani,Manado,LOG_COORD,Logistics Coordinator,Supply Chain,0.97,exact,Logistic Coord | Staff Logistik | senior sales,"ATS_Workable,HRIS_SuccessFactors,LMS_Moodle","EMP-9084,candidate_661,candidate_899,moodle_21809,moodle_87996",T3b_fuzzy_mid,0.7,2025-08-18,N,CDOB Compliance; Inventory Management; Medical Product Knowledge; Regulatory Documentation; Route Planning; SAP Navigation,Advanced Excel; Customer Relationship Management,Cold Chain Handling,,4,3,0,0.871,Y,identity_probabilistic_or_orphan,N
MN-R-0133,Rizki Rahayu,Denpasar,SALES_JR,Sales Representative,Commercial,0.97,exact,Staff Sales,"HRIS_SuccessFactors,LMS_Moodle","EMP-4035,moodle_78292",T1_email,0.98,2021-08-18,N,Data Entry Accuracy; Distributor Negotiation; Route Planning,,Customer Relationship Management; Medical Product Knowledge,,4,2,0,0.908,N,,N
MN-R-0134,Lestari  Galih  Lestari,Surabaya,SALES_SR,Senior Sales Representative,Commercial,0.97,exact,SR. SALES | Senior Sales Exec,"ATS_Workable,HRIS_SuccessFactors,LMS_Moodle","EMP-9462,candidate_417,moodle_92714",T2_name_dob,0.92,2026-01-01,N,Customer Relationship Management; Demand Forecasting; Distributor Negotiation,,Advanced Excel; Medical Product Knowledge,,5,3,1,0.839,N,,N
MN-R-0135,Oktavianus  Pratama,Semarang,SALES_JR,Sales Representative,Commercial,0.97,exact,sales rep,"HRIS_SuccessFactors,LMS_Moodle","EMP-5794,moodle_39183",T1_email,0.98,2021-11-10,N,,Medical Product Knowledge; Team Leadership,Customer Relationship Management; Data Entry Accuracy; Route Planning,,4,1,0,0.833,N,,N
MN-R-0136,"Halim, Citra",Bandung,SALES_MGR,Branch Sales Manager,Commercial,0.97,exact,Sales Mgr,"HRIS_SuccessFactors,LMS_Moodle","EMP-8394,moodle_79883",T1_email,0.98,2016-08-05,N,Advanced Excel; Demand Forecasting; Inventory Management,Team Leadership,Customer Relationship Management; Distributor Negotiation,,5,3,2,0.923,N,,N
MN-R-0137,"Handayani, Rina",Yogyakarta,PHARM_SPEC,Product Specialist (Pharma),Technical,0.97,exact,Pharmacy Assistant,"HRIS_SuccessFactors,LMS_Moodle","EMP-1955,moodle_22111",T1_email,0.98,2020-02-03,N,,CDOB Compliance; Cold Chain Handling,Medical Product Knowledge; Regulatory Documentation,,4,2,1,0.833,N,,N
MN-R-0138,H. Halim,Manado,SALES_JR,Sales Representative,Commercial,0.97,exact,SALES 1 | Warehouse  Admin,HRIS_SuccessFactors,"EMP-1018,EMP-4450",T3b_fuzzy_mid,0.7,,N,,,,Customer Relationship Management; Data Entry Accuracy; Medical Product Knowledge; Route Planning,4,0,3,0.571,Y,identity_probabilistic_or_orphan;skill_no_signal,N
MN-R-0139,Imam Hidayah,Bandung,SALES_JR,Sales Representative,Commercial,0.97,exact,Medical Representative | Sales Executive,"ATS_Workable,HRIS_SuccessFactors","EMP-3907,candidate_362",T1_email,0.98,2025-02-17,N,,,,Customer Relationship Management; Data Entry Accuracy; Medical Product Knowledge; Route Planning,4,0,0,0.683,Y,skill_no_signal,N
MN-R-0140,Andi Rizki Maulana,Jakarta Pusat,SALES_JR,Sales Representative,Commercial,0.97,exact,Sales Junior,"HRIS_SuccessFactors,LMS_Moodle","EMP-2803,moodle_11855",T3b_fuzzy_mid,0.7,2022-11-26,N,CDOB Compliance; Customer Relationship Management; Data Entry Accuracy; Inventory Management; Route Planning,Medical Product Knowledge,,,4,4,3,0.871,Y,identity_probabilistic_or_orphan,N
MN-R-0141,"Safitri, Maya",Yogyakarta,SALES_JR,Sales Representative,Commercial,0.97,exact,Sales  Rep,HRIS_SuccessFactors,EMP-4750,T3a_fuzzy_high,0.88,2024-03-13,N,,,,Customer Relationship Management; Data Entry Accuracy; Medical Product Knowledge; Route Planning,4,0,2,0.643,Y,skill_no_signal,N
MN-R-0142,"Puspita, Budi",Jakarta Pusat,PHARM_SPEC,Product Specialist (Pharma),Technical,0.97,exact,Spesialis Produk,HRIS_SuccessFactors,EMP-7790,T3a_fuzzy_high,0.88,2022-10-15,N,CDOB Compliance; Cold Chain Handling; Medical Product Knowledge,,Regulatory Documentation,,4,3,2,0.868,N,,N
MN-R-0143,Intan  Andi  Permana,Manado,SALES_SR,Senior Sales Representative,Commercial,0.97,exact,SR. SALES,HRIS_SuccessFactors,EMP-6412,T3a_fuzzy_high,0.88,2019-08-02,N,,,,Advanced Excel; Customer Relationship Management; Demand Forecasting; Distributor Negotiation; Medical Product Knowledge,5,0,2,0.643,Y,skill_no_signal,N
MN-R-0144,Sari  Anggraini,Palembang,FIN_ADMIN,Finance & Admin Staff,Corporate,0.97,exact,Admin | Admin Keuangan,"ATS_Workable,HRIS_SuccessFactors","EMP-8224,candidate_937",T1_email,0.98,2025-08-31,N,Advanced Excel; Customer Relationship Management; Route Planning,,Data Entry Accuracy; SAP Navigation,,3,1,1,0.983,N,,N
MN-R-0145,T. Panjaitan,Yogyakarta,LOG_COORD,Logistics Coordinator,Supply Chain,0.97,exact,koordinator logistik,HRIS_SuccessFactors,EMP-2253,T3a_fuzzy_high,0.88,,N,,,,Cold Chain Handling; Inventory Management; Route Planning; SAP Navigation,4,0,2,0.643,Y,skill_no_signal,N
MN-R-0146,G. Ramadhan,Bekasi,SALES_SR,Senior Sales Representative,Commercial,0.97,exact,senior sales exec,HRIS_SuccessFactors,EMP-6437,T4_single_hris,0.85,,N,,,,Advanced Excel; Customer Relationship Management; Demand Forecasting; Distributor Negotiation; Medical Product Knowledge,5,0,1,0.631,Y,skill_no_signal,N
MN-R-0147,Y. Halim,Semarang,SALES_SR,Senior Sales Representative,Commercial,0.97,exact,Sales 2,HRIS_SuccessFactors,EMP-8798,T4_single_hris,0.85,,N,,,,Advanced Excel; Customer Relationship Management; Demand Forecasting; Distributor Negotiation; Medical Product Knowledge,5,0,1,0.631,Y,skill_no_signal,N
MN-R-0148,M. Lestari,Manado,PHARM_SPEC,Product Specialist (Pharma),Technical,0.97,exact,Apoteker Pendamping,"HRIS_SuccessFactors,LMS_Moodle","EMP-1833,moodle_70555",T3b_fuzzy_mid,0.7,,N,,SAP Navigation,CDOB Compliance; Cold Chain Handling; Medical Product Knowledge; Regulatory Documentation,,4,0,2,0.646,Y,identity_probabilistic_or_orphan,N
MN-R-0149,Krisna Maulana,Semarang,PHARM_SPEC,Product Specialist (Pharma),Technical,0.97,exact,Asisten Apoteker,HRIS_SuccessFactors,EMP-9989,T3a_fuzzy_high,0.88,2022-02-21,N,,,,CDOB Compliance; Cold Chain Handling; Medical Product Knowledge; Regulatory Documentation,4,0,1,0.643,Y,skill_no_signal,N
MN-R-0150,RAHMAT RINA ANGGRAINI,Medan,IT_SUPPORT,IT Support Officer,Corporate,0.97,exact,Staff IT,"ATS_Workable,HRIS_SuccessFactors,LMS_Moodle","EMP-1625,candidate_286,moodle_27929",T1_email,0.98,2024-05-08,N,Advanced Excel; Data Entry Accuracy; SAP Navigation,,,,3,3,2,0.983,N,,N
MN-R-0151,I. Pratama,Semarang,PHARM_SPEC,Product Specialist (Pharma),Technical,0.97,exact,Pharmacy Assistant,"ATS_Workable,LMS_Moodle","candidate_927,moodle_44617,moodle_95458",T3b_fuzzy_mid,0.7,2023-03-08,N,Cold Chain Handling; Route Planning; SAP Navigation,Medical Product Knowledge,CDOB Compliance; Regulatory Documentation,,4,2,0,0.871,Y,identity_probabilistic_or_orphan,N
MN-R-0152,R. Hutapea,Manado,WHS_STAFF,Warehouse Staff,Supply Chain,0.97,exact,Warehouse  Operator,HRIS_SuccessFactors,EMP-2322,T3a_fuzzy_high,0.88,2023-07-25,N,,,,Cold Chain Handling; Data Entry Accuracy; Inventory Management; Warehouse Safety,4,0,1,0.643,Y,skill_no_signal,N
MN-R-0153,Muhamad Sari Ramadhan,Manado,SALES_JR,Sales Representative,Commercial,0.97,exact,Sales Junior,"HRIS_SuccessFactors,LMS_Moodle","EMP-1958,moodle_78758",T1_email,0.98,2020-10-29,N,,Customer Relationship Management; Route Planning; Team Leadership,Data Entry Accuracy; Medical Product Knowledge,,4,2,3,0.908,N,,N
MN-R-0154,Maya Hutapea,Denpasar,SALES_JR,Sales Representative,Commercial,0.97,exact,Accounting Staff | JR. SALES | Sales Junior,"ATS_Workable,HRIS_SuccessFactors,LMS_Moodle","EMP-4786,EMP-5188,candidate_946,moodle_99381",T3b_fuzzy_mid,0.7,2022-05-01,N,Cold Chain Handling; Data Entry Accuracy; Medical Product Knowledge,SAP Navigation,Customer Relationship Management; Route Planning,,4,2,1,0.871,Y,identity_probabilistic_or_orphan,N
MN-R-0155,"Mardiana, Yuni",Bekasi,WHS_STAFF,Warehouse Staff,Supply Chain,0.97,exact,GUDANG | Gudang | Regulatory Officer | warehouse operator,"ATS_Workable,HRIS_SuccessFactors","EMP-4662,EMP-4989,EMP-5383,candidate_196",T3b_fuzzy_mid,0.7,2024-06-07,Y,Cold Chain Handling; Data Entry Accuracy; Inventory Management,,Warehouse Safety,,4,3,3,0.796,Y,identity_probabilistic_or_orphan;hire_date_conflict_within_hris;status_conflict_possible_transfer,N
MN-R-0156,Achmad Hutapea,Palembang,QA_REG,Regulatory & QA Officer,Technical,0.97,exact,REGULATORY OFFICER | Regulatory Officer,"ATS_Workable,HRIS_SuccessFactors","EMP-1942,candidate_475",T3b_fuzzy_mid,0.7,2023-01-02,N,CDOB Compliance; Data Entry Accuracy; Regulatory Documentation,,Medical Product Knowledge,,4,3,1,0.796,Y,identity_probabilistic_or_orphan,N
MN-R-0157,M. Hidayat,,,,,0.0,unmapped,,LMS_Moodle,moodle_10503,T4_orphan,0.45,,N,,Advanced Excel,,,0,0,0,0.18,Y,identity_probabilistic_or_orphan;title_unmapped_or_fuzzy,N
MN-R-0158,"Mardiana, Bagus",Denpasar,QA_REG,Regulatory & QA Officer,Technical,0.97,exact,Staff QA,"HRIS_SuccessFactors,LMS_Moodle","EMP-3426,moodle_73725",T1_email,0.98,2021-05-28,N,CDOB Compliance; Data Entry Accuracy; Regulatory Documentation; Team Leadership,,Medical Product Knowledge,,4,3,0,0.983,N,,N
MN-R-0159,Agus  Dwi  Ramadhan,Denpasar,SALES_JR,Sales Representative,Commercial,0.97,exact,Medical  Representative | Salesman,"ATS_Workable,HRIS_SuccessFactors","EMP-6642,candidate_299",T2_name_dob,0.92,2025-03-30,N,Customer Relationship Management; Data Entry Accuracy; Medical Product Knowledge; Route Planning,,,,4,4,3,0.959,N,,N
MN-R-0160,PRASETYO KRISNA ANGGRAINI,Manado,FIN_ADMIN,Finance & Admin Staff,Corporate,0.97,exact,Admin | accounting staff,"ATS_Workable,HRIS_SuccessFactors,LMS_Moodle","EMP-6941,candidate_149,moodle_80530",T3b_fuzzy_mid,0.7,2024-02-18,N,,Warehouse Safety,Advanced Excel; Data Entry Accuracy; SAP Navigation,,3,0,1,0.671,Y,identity_probabilistic_or_orphan,N
MN-R-0161,"Kusuma, Hana",Balikpapan,FIN_ADMIN,Finance & Admin Staff,Corporate,0.97,exact,Admin | Admin Keuangan,"ATS_Workable,HRIS_SuccessFactors","EMP-9342,candidate_681",T1_email,0.98,2023-05-14,N,Data Entry Accuracy; Regulatory Documentation; SAP Navigation,,Advanced Excel,,3,2,1,0.983,N,,N
MN-R-0162,Lestari Puspita,Surabaya,SALES_MGR,Branch Sales Manager,Commercial,0.97,exact,Branch Sales Head,"HRIS_SuccessFactors,LMS_Moodle","EMP-3134,moodle_17899",T1_email,0.98,2016-04-20,N,Advanced Excel; Customer Relationship Management; Demand Forecasting; Distributor Negotiation; Team Leadership; Warehouse Safety,,,,5,5,0,0.983,N,,N
MN-R-0163,A. Pratama,Jakarta Pusat,SALES_JR,Sales Representative,Commercial,0.97,exact,Sales Junior,HRIS_SuccessFactors,EMP-1827,T4_single_hris,0.85,2022-07-26,N,Data Entry Accuracy; Demand Forecasting; Route Planning,,Customer Relationship Management; Medical Product Knowledge,,4,2,0,0.856,N,,N
MN-R-0164,Dwi Rahayu,Medan,QA_REG,Regulatory & QA Officer,Technical,0.97,exact,petugas regulasi,"HRIS_SuccessFactors,LMS_Moodle","EMP-5176,moodle_10838",T1_email,0.98,2018-08-05,N,Data Entry Accuracy; Regulatory Documentation,,CDOB Compliance; Medical Product Knowledge,,4,2,0,0.833,N,,N
MN-R-0165,R. Mardiana,Medan,PHARM_SPEC,Product Specialist (Pharma),Technical,0.97,exact,Apoteker Pendamping,HRIS_SuccessFactors,EMP-5935,T4_single_hris,0.85,2025-04-22,N,Advanced Excel; Customer Relationship Management; Inventory Management; Regulatory Documentation,,CDOB Compliance; Cold Chain Handling; Medical Product Knowledge,,4,1,0,0.931,N,,N
MN-R-0166,Risky Rahma Utami,Surabaya,SALES_JR,Sales Representative,Commercial,0.97,exact,Sales Junior,"ATS_Workable,HRIS_SuccessFactors","EMP-7950,candidate_897",T3b_fuzzy_mid,0.7,2023-05-16,N,Customer Relationship Management; Data Entry Accuracy; Medical Product Knowledge,,Route Planning,,4,3,1,0.796,Y,identity_probabilistic_or_orphan,N
MN-R-0167,Laras Hidayah,Yogyakarta,PHARM_SPEC,Product Specialist (Pharma),Technical,0.97,exact,Pharmacy Assistant | apoteker pendamping,"ATS_Workable,HRIS_SuccessFactors","EMP-3371,candidate_221",T3b_fuzzy_mid,0.7,2023-11-18,N,Advanced Excel; CDOB Compliance; Cold Chain Handling; Regulatory Documentation,,Medical Product Knowledge,,4,3,3,0.871,Y,identity_probabilistic_or_orphan,N
MN-R-0168,I. Lestari,Bekasi,SALES_MGR,Branch Sales Manager,Commercial,0.97,exact,kepala sales,HRIS_SuccessFactors,EMP-7956,T3a_fuzzy_high,0.88,2020-05-30,N,,,,Advanced Excel; Customer Relationship Management; Demand Forecasting; Distributor Negotiation; Team Leadership,5,0,2,0.643,Y,skill_no_signal,N
MN-R-0169,Hendra  Yusuf  Santoso,Makassar,SALES_MGR,Branch Sales Manager,Commercial,0.97,exact,Sales Manager,HRIS_SuccessFactors,EMP-2144,T3a_fuzzy_high,0.88,2020-08-31,N,,,,Advanced Excel; Customer Relationship Management; Demand Forecasting; Distributor Negotiation; Team Leadership,5,0,3,0.643,Y,skill_no_signal,N
MN-R-0170,W. Wijaya,Jakarta Pusat,WHS_STAFF,Warehouse Staff,Supply Chain,0.97,exact,STAFF GUDANG | Warehouse Admin,"ATS_Workable,HRIS_SuccessFactors","EMP-7406,candidate_760",T1_email,0.98,2024-11-09,N,Data Entry Accuracy; Inventory Management; Team Leadership; Warehouse Safety,,Cold Chain Handling,,4,3,0,0.983,N,,N
MN-R-0171,Intan Citra Wijaya,Bandung,WHS_STAFF,Warehouse Staff,Supply Chain,0.97,exact,Petugas Gudang,"ATS_Workable,LMS_Moodle","candidate_460,moodle_50377",T1_email,0.98,2025-10-19,N,,CDOB Compliance,Cold Chain Handling; Data Entry Accuracy; Inventory Management; Warehouse Safety,,4,0,0,0.758,N,,N
MN-R-0172,"Wibowo, Mega Sari",Bandung,PHARM_SPEC,Product Specialist (Pharma),Technical,0.97,exact,Apoteker Pendamping,"ATS_Workable,HRIS_SuccessFactors","EMP-8235,candidate_999",T3b_fuzzy_mid,0.7,2025-03-07,N,CDOB Compliance; Cold Chain Handling,,Medical Product Knowledge; Regulatory Documentation,,4,2,3,0.721,Y,identity_probabilistic_or_orphan,N
MN-R-0173,"Utami, Dwi",Jakarta Pusat,WHS_STAFF,Warehouse Staff,Supply Chain,0.97,exact,Warehouse Admin,"ATS_Workable,LMS_Moodle","candidate_560,moodle_38210",T1_email,0.98,2025-04-16,N,Data Entry Accuracy; Regulatory Documentation; Warehouse Safety,,Cold Chain Handling; Inventory Management,,4,2,0,0.908,N,,N
MN-R-0174,Yuni Situmorang,Bekasi,WHS_SPV,Warehouse Supervisor,Supply Chain,0.97,exact,Koordinator Gudang,HRIS_SuccessFactors,EMP-5276,T4_single_hris,0.85,2019-12-29,N,Warehouse Safety,,CDOB Compliance; Cold Chain Handling; Inventory Management; Team Leadership,,5,1,0,0.691,N,,N
MN-R-0175,Sari Halim,Manado,WHS_STAFF,Warehouse Staff,Supply Chain,0.97,exact,STAFF GUDANG | Warehouse  Admin,"ATS_Workable,HRIS_SuccessFactors","EMP-1018,candidate_321",T2_name_dob,0.92,2024-06-17,N,Inventory Management; Warehouse Safety,,Cold Chain Handling; Data Entry Accuracy,,4,2,0,0.809,N,,N
MN-R-0176,Lukman  Rahayu,Palembang,SALES_SR,Senior Sales Representative,Commercial,0.97,exact,Sr Medical Rep,"ATS_Workable,HRIS_SuccessFactors","EMP-6077,candidate_477",T3a_fuzzy_high,0.88,2024-05-31,N,,,,Advanced Excel; Customer Relationship Management; Demand Forecasting; Distributor Negotiation; Medical Product Knowledge,5,0,2,0.643,Y,skill_no_signal,N
MN-R-0177,Rahma  Nugroho,Manado,WHS_STAFF,Warehouse Staff,Supply Chain,0.97,exact,Warehouse Operator,HRIS_SuccessFactors,EMP-9458,T4_single_hris,0.85,,N,,,,Cold Chain Handling; Data Entry Accuracy; Inventory Management; Warehouse Safety,4,0,1,0.631,Y,skill_no_signal,N
MN-R-0178,"Puspita, Mega",Denpasar,LOG_COORD,Logistics Coordinator,Supply Chain,0.97,exact,Distribution Coordinator,HRIS_SuccessFactors,EMP-7653,T3a_fuzzy_high,0.88,2021-04-25,N,,,,Cold Chain Handling; Inventory Management; Route Planning; SAP Navigation,4,0,2,0.643,Y,skill_no_signal,N
MN-R-0179,J. Yuni Safitri,Palembang,FIN_ADMIN,Finance & Admin Staff,Corporate,0.97,exact,Staff Finance,HRIS_SuccessFactors,EMP-4053,T3a_fuzzy_high,0.88,2022-05-24,N,,,,Advanced Excel; Data Entry Accuracy; SAP Navigation,3,0,1,0.643,Y,skill_no_signal,N
MN-R-0180,"Firmansyah, Imam",Yogyakarta,WHS_STAFF,Warehouse Staff,Supply Chain,0.97,exact,WH STAFF | WH Staff | Warehouse Spv,"HRIS_SuccessFactors,LMS_Moodle","EMP-1729,EMP-5068,EMP-9956,moodle_82189",T3b_fuzzy_mid,0.7,2020-09-29,Y,CDOB Compliance; Customer Relationship Management; Inventory Management,Advanced Excel,Cold Chain Handling; Data Entry Accuracy; Warehouse Safety,,4,1,0,0.871,Y,identity_probabilistic_or_orphan;hire_date_conflict_within_hris;status_conflict_possible_transfer,N
MN-R-0181,Yuni Halim,Semarang,SALES_SR,Senior Sales Representative,Commercial,0.97,exact,Sales 2 | Sales Senior,"ATS_Workable,HRIS_SuccessFactors","EMP-8798,candidate_461",T3a_fuzzy_high,0.88,2026-03-15,N,Distributor Negotiation; Medical Product Knowledge; Team Leadership,,Advanced Excel; Customer Relationship Management; Demand Forecasting,,5,2,1,0.823,N,,N
MN-R-0182,"Santoso, Hendra",Bekasi,SALES_JR,Sales Representative,Commercial,0.97,exact,Salesman | Staff Sales,"ATS_Workable,HRIS_SuccessFactors,LMS_Moodle","EMP-7700,candidate_475,moodle_50152",T1_email,0.98,2024-04-29,N,Data Entry Accuracy; Inventory Management; Route Planning,Customer Relationship Management,Medical Product Knowledge,,4,3,0,0.983,N,,N
MN-R-0183,GALIH RAMADHAN,Bekasi,SALES_SR,Senior Sales Representative,Commercial,0.97,exact,senior sales exec,"HRIS_SuccessFactors,LMS_Moodle","EMP-6437,moodle_89549",T1_email,0.98,2020-11-30,N,,Demand Forecasting; Distributor Negotiation; Medical Product Knowledge,Advanced Excel; Customer Relationship Management,,5,3,0,0.863,N,,N
MN-R-0184,"Tanujaya, Yoga",Palembang,WHS_STAFF,Warehouse Staff,Supply Chain,0.97,exact,Petugas Gudang,"ATS_Workable,HRIS_SuccessFactors","EMP-3055,candidate_696",T3a_fuzzy_high,0.88,2023-03-18,N,Cold Chain Handling; Warehouse Safety,,Data Entry Accuracy; Inventory Management,,4,2,2,0.793,N,,N
MN-R-0185,Dewie Lestari,Jakarta Pusat,QA_REG,Regulatory & QA Officer,Technical,0.97,exact,QA Officer,"HRIS_SuccessFactors,LMS_Moodle","EMP-8487,moodle_75010",T1_email,0.98,2018-11-17,N,Regulatory Documentation; Route Planning,Medical Product Knowledge,CDOB Compliance; Data Entry Accuracy,,4,2,0,0.908,N,,N
MN-R-0186,NUR KARTIKA HANDAYANI,Medan,LOG_COORD,Logistics Coordinator,Supply Chain,0.97,exact,Logistics Staff,"HRIS_SuccessFactors,LMS_Moodle","EMP-6591,moodle_48870",T3a_fuzzy_high,0.88,2024-08-26,N,CDOB Compliance; Cold Chain Handling; SAP Navigation,,Inventory Management; Route Planning,,4,2,0,0.868,N,,N
MN-R-0187,Tika Puspita,Jakarta Pusat,WHS_STAFF,Warehouse Staff,Supply Chain,0.97,exact,Staff Gudang | Warehouse Operator,"ATS_Workable,HRIS_SuccessFactors","EMP-8044,candidate_282",T1_email,0.98,2025-05-18,N,Advanced Excel; Cold Chain Handling; Warehouse Safety,,Data Entry Accuracy; Inventory Management,,4,2,0,0.908,N,,N
MN-R-0188,"Lestari, Sari",Medan,FIN_ADMIN,Finance & Admin Staff,Corporate,0.97,exact,Accounting Staff | Staff Adm & Keu,"ATS_Workable,HRIS_SuccessFactors","EMP-1049,candidate_670",T2_name_dob,0.92,2025-12-29,N,Cold Chain Handling; Inventory Management; Warehouse Safety,,Advanced Excel; Data Entry Accuracy; SAP Navigation,,3,0,1,0.959,N,,N
MN-R-0189,Fitri Panjaitan,Yogyakarta,WHS_SPV,Warehouse Supervisor,Supply Chain,0.97,exact,Koordinator Gudang,"HRIS_SuccessFactors,LMS_Moodle","EMP-8643,moodle_51828",T3b_fuzzy_mid,0.7,2017-07-26,N,Warehouse Safety,,CDOB Compliance; Cold Chain Handling; Inventory Management; Team Leadership,,5,1,2,0.631,Y,identity_probabilistic_or_orphan,N
MN-R-0190,Agus Setiyawan,Semarang,WHS_SPV,Warehouse Supervisor,Supply Chain,0.97,exact,Warehouse Spv,HRIS_SuccessFactors,EMP-6488,T4_single_hris,0.85,,N,,,,CDOB Compliance; Cold Chain Handling; Inventory Management; Team Leadership; Warehouse Safety,5,0,1,0.631,Y,skill_no_signal,N
MN-R-0191,IRFAN LESTARI,Bekasi,SALES_MGR,Branch Sales Manager,Commercial,0.97,exact,kepala sales,HRIS_SuccessFactors,EMP-7956,T4_single_hris,0.85,,N,,,,Advanced Excel; Customer Relationship Management; Demand Forecasting; Distributor Negotiation; Team Leadership,5,0,1,0.631,Y,skill_no_signal,N
MN-R-0192,Zainal Maulana,Makassar,PHARM_SPEC,Product Specialist (Pharma),Technical,0.97,exact,Product  Spec,HRIS_SuccessFactors,EMP-1385,T3a_fuzzy_high,0.88,2019-10-11,N,,,,CDOB Compliance; Cold Chain Handling; Medical Product Knowledge; Regulatory Documentation,4,0,1,0.643,Y,skill_no_signal,N
MN-R-0193,Bagus Nugraha,Medan,WHS_STAFF,Warehouse Staff,Supply Chain,0.97,exact,WH Staff,HRIS_SuccessFactors,EMP-3740,T3a_fuzzy_high,0.88,2022-04-19,N,,,,Cold Chain Handling; Data Entry Accuracy; Inventory Management; Warehouse Safety,4,0,1,0.643,Y,skill_no_signal,N
MN-R-0194,"Pratama, Novi",Makassar,SALES_SR,Senior Sales Representative,Commercial,0.97,exact,senior sales exec,HRIS_SuccessFactors,EMP-9121,T3a_fuzzy_high,0.88,2026-03-04,N,,,,Advanced Excel; Customer Relationship Management; Demand Forecasting; Distributor Negotiation; Medical Product Knowledge,5,0,1,0.643,Y,skill_no_signal,N
MN-R-0195,"Puspita, Hasan",Yogyakarta,FIN_ADMIN,Finance & Admin Staff,Corporate,0.97,exact,Staff Finance,HRIS_SuccessFactors,EMP-6519,T3a_fuzzy_high,0.88,2021-05-08,N,,,,Advanced Excel; Data Entry Accuracy; SAP Navigation,3,0,1,0.643,Y,skill_no_signal,N
MN-R-0196,R. Gita Utami,Bandung,SALES_MGR,Branch Sales Manager,Commercial,0.97,exact,manager penjualan,HRIS_SuccessFactors,EMP-2994,T4_single_hris,0.85,,N,,,,Advanced Excel; Customer Relationship Management; Demand Forecasting; Distributor Negotiation; Team Leadership,5,0,1,0.631,Y,skill_no_signal,N
MN-R-0197,"Safitri, Jihan Yuni",Palembang,FIN_ADMIN,Finance & Admin Staff,Corporate,0.97,exact,Staff Finance,HRIS_SuccessFactors,EMP-4053,T3a_fuzzy_high,0.88,,N,,,,Advanced Excel; Data Entry Accuracy; SAP Navigation,3,0,2,0.643,Y,skill_no_signal,N
MN-R-0198,Wahyu Yulianti,Palembang,SALES_MGR,Branch Sales Manager,Commercial,0.97,exact,Kepala Sales,HRIS_SuccessFactors,EMP-5488,T3a_fuzzy_high,0.88,2015-03-24,N,,,,Advanced Excel; Customer Relationship Management; Demand Forecasting; Distributor Negotiation; Team Leadership,5,0,1,0.643,Y,skill_no_signal,N
MN-R-0199,L. Rahayu,Palembang,SALES_SR,Senior Sales Representative,Commercial,0.97,exact,Sr Medical Rep,HRIS_SuccessFactors,EMP-6077,T4_single_hris,0.85,,N,,,,Advanced Excel; Customer Relationship Management; Demand Forecasting; Distributor Negotiation; Medical Product Knowledge,5,0,1,0.631,Y,skill_no_signal,N
MN-R-0200,Sari Muhamad Mardiana,Surabaya,QA_REG,Regulatory & QA Officer,Technical,0.97,exact,QA/RA,HRIS_SuccessFactors,EMP-3698,T3a_fuzzy_high,0.88,2019-04-13,N,,,,CDOB Compliance; Data Entry Accuracy; Medical Product Knowledge; Regulatory Documentation,4,0,1,0.643,Y,skill_no_signal,N
MN-R-0201,F. Situmorang,Medan,FIN_ADMIN,Finance & Admin Staff,Corporate,0.97,exact,Admin Keuangan,HRIS_SuccessFactors,EMP-8091,T4_single_hris,0.85,2023-03-28,N,,,,Advanced Excel; Data Entry Accuracy; SAP Navigation,3,0,0,0.631,Y,skill_no_signal,N
MN-R-0202,H. Nadia Safitri,Bandung,WHS_STAFF,Warehouse Staff,Supply Chain,0.97,exact,STAFF GUDANG,HRIS_SuccessFactors,EMP-5657,T4_single_hris,0.85,,N,,,,Cold Chain Handling; Data Entry Accuracy; Inventory Management; Warehouse Safety,4,0,1,0.631,Y,skill_no_signal,N
MN-R-0203,G. Panjaitan,Surabaya,WHS_SPV,Warehouse Supervisor,Supply Chain,0.97,exact,Warehouse Spv,HRIS_SuccessFactors,EMP-1971,T4_single_hris,0.85,,N,,,,CDOB Compliance; Cold Chain Handling; Inventory Management; Team Leadership; Warehouse Safety,5,0,1,0.631,Y,skill_no_signal,N
MN-R-0204,H. Kusuma,Balikpapan,FIN_ADMIN,Finance & Admin Staff,Corporate,0.97,exact,Admin | Logistic Coord,"ATS_Workable,HRIS_SuccessFactors","EMP-9342,candidate_470",T3b_fuzzy_mid,0.7,2023-12-23,N,,,,Advanced Excel; Data Entry Accuracy; SAP Navigation,3,0,2,0.571,Y,identity_probabilistic_or_orphan;skill_no_signal,N
MN-R-0205,Wulan Annisa Saputra,Denpasar,LOG_COORD,Logistics Coordinator,Supply Chain,0.97,exact,Distribution Coordinator,HRIS_SuccessFactors,EMP-1920,T4_single_hris,0.85,2021-02-14,N,CDOB Compliance; Cold Chain Handling,,Inventory Management; Route Planning; SAP Navigation,,4,1,0,0.781,N,,N
MN-R-0206,Oktavianus Anggraini,Bekasi,QA_REG,Regulatory & QA Officer,Technical,0.97,exact,qa officer,HRIS_SuccessFactors,EMP-1345,T3a_fuzzy_high,0.88,2017-06-28,N,CDOB Compliance; Inventory Management; Medical Product Knowledge; Regulatory Documentation,,Data Entry Accuracy,,4,3,2,0.943,N,,N
MN-R-0207,O. Panjaitan,Makassar,SALES_SR,Senior Sales Representative,Commercial,0.97,exact,Sales 2,HRIS_SuccessFactors,EMP-3931,T4_single_hris,0.85,,N,,,,Advanced Excel; Customer Relationship Management; Demand Forecasting; Distributor Negotiation; Medical Product Knowledge,5,0,1,0.631,Y,skill_no_signal,N
MN-R-0208,C. Halim,Bandung,SALES_MGR,Branch Sales Manager,Commercial,0.97,exact,Sales Mgr,HRIS_SuccessFactors,EMP-8394,T4_single_hris,0.85,,N,,,,Advanced Excel; Customer Relationship Management; Demand Forecasting; Distributor Negotiation; Team Leadership,5,0,1,0.631,Y,skill_no_signal,N
MN-R-0209,"Wijaya, Yuni",Denpasar,PHARM_SPEC,Product Specialist (Pharma),Technical,0.97,exact,ASISTEN APOTEKER | Pharmacy Assistant,"ATS_Workable,HRIS_SuccessFactors","EMP-9023,candidate_472",T1_email,0.98,2024-12-22,N,CDOB Compliance; Medical Product Knowledge; Route Planning,,Cold Chain Handling; Regulatory Documentation,,4,2,0,0.908,N,,N
MN-R-0210,N. Anggraini,Bekasi,FIN_ADMIN,Finance & Admin Staff,Corporate,0.97,exact,Finance Admin,HRIS_SuccessFactors,EMP-1174,T4_single_hris,0.85,,N,,,,Advanced Excel; Data Entry Accuracy; SAP Navigation,3,0,1,0.631,Y,skill_no_signal,N
MN-R-0211,W. Lukman Halim,Yogyakarta,WHS_SPV,Warehouse Supervisor,Supply Chain,0.97,exact,Spv  Gudang,"HRIS_SuccessFactors,LMS_Moodle","EMP-9234,moodle_17162",T1_email,0.98,2021-10-18,N,,CDOB Compliance,Cold Chain Handling; Inventory Management; Team Leadership; Warehouse Safety,,5,1,0,0.743,N,,N
MN-R-0212,Rizki Nugroho,Bandung,SALES_SR,Senior Sales Representative,Commercial,0.97,exact,Sales 2,HRIS_SuccessFactors,EMP-7270,T3a_fuzzy_high,0.88,,N,,,,Advanced Excel; Customer Relationship Management; Demand Forecasting; Distributor Negotiation; Medical Product Knowledge,5,0,2,0.643,Y,skill_no_signal,N
MN-R-0213,Achmad Utami,Bekasi,SALES_JR,Sales Representative,Commercial,0.97,exact,Sales Junior,HRIS_SuccessFactors,EMP-3073,T4_single_hris,0.85,2024-11-26,N,CDOB Compliance; Customer Relationship Management; Data Entry Accuracy; Inventory Management; Medical Product Knowledge; Route Planning,,,,4,4,0,0.931,N,,N
MN-R-0214,Muhamad Safitri,Denpasar,WHS_STAFF,Warehouse Staff,Supply Chain,0.97,exact,Petugas Gudang | staff gudang,"ATS_Workable,HRIS_SuccessFactors","EMP-4919,candidate_121",T3a_fuzzy_high,0.88,2023-05-03,N,Inventory Management,,Cold Chain Handling; Data Entry Accuracy; Warehouse Safety,,4,1,0,0.718,N,,N
MN-R-0215,Hana Situmorang,Surabaya,LOG_COORD,Logistics Coordinator,Supply Chain,0.97,exact,Logistics Staff | distribution coordinator,"ATS_Workable,HRIS_SuccessFactors","EMP-7985,candidate_477",T2_name_dob,0.92,2025-04-04,N,Cold Chain Handling; Distributor Negotiation; Warehouse Safety,,Inventory Management; Route Planning; SAP Navigation,,4,1,0,0.884,N,,N
MN-R-0216,I. Simanjuntak,Bandung,FIN_ADMIN,Finance & Admin Staff,Corporate,0.97,exact,Admin Keuangan,HRIS_SuccessFactors,EMP-9721,T4_single_hris,0.85,,N,,,,Advanced Excel; Data Entry Accuracy; SAP Navigation,3,0,1,0.631,Y,skill_no_signal,N
MN-R-0217,"Halim, Fajar",Yogyakarta,SALES_JR,Sales Representative,Commercial,0.97,exact,SALES JUNIOR,HRIS_SuccessFactors,EMP-8237,T3a_fuzzy_high,0.88,2021-01-27,N,,,,Customer Relationship Management; Data Entry Accuracy; Medical Product Knowledge; Route Planning,4,0,1,0.643,Y,skill_no_signal,N
MN-R-0218,"Permana, Irfan",Jakarta Pusat,SALES_JR,Sales Representative,Commercial,0.97,exact,Medical Representative,HRIS_SuccessFactors,EMP-3131,T3a_fuzzy_high,0.88,2020-09-24,N,Customer Relationship Management; Medical Product Knowledge; Team Leadership,,Data Entry Accuracy; Route Planning,,4,2,3,0.868,N,,N
MN-R-0219,"Mardiana, Teguh",Manado,SALES_JR,Sales Representative,Commercial,0.97,exact,Jr. Sales | Medical Representative,"ATS_Workable,HRIS_SuccessFactors,LMS_Moodle","EMP-6442,candidate_603,moodle_74032",T1_email,0.98,2023-01-01,N,Route Planning; Warehouse Safety,,Customer Relationship Management; Data Entry Accuracy; Medical Product Knowledge,,4,1,0,0.833,N,,N
MN-R-0220,Intan Citra Wijaya,Bandung,WHS_STAFF,Warehouse Staff,Supply Chain,0.97,exact,Warehouse Admin,HRIS_SuccessFactors,EMP-5632,T4_single_hris,0.85,2025-11-22,N,,,,Cold Chain Handling; Data Entry Accuracy; Inventory Management; Warehouse Safety,4,0,0,0.631,Y,skill_no_signal,N
MN-R-0221,Mega Lestari,Manado,PHARM_SPEC,Product Specialist (Pharma),Technical,0.97,exact,Apoteker Pendamping,HRIS_SuccessFactors,EMP-1833,T3a_fuzzy_high,0.88,2021-09-21,N,,,,CDOB Compliance; Cold Chain Handling; Medical Product Knowledge; Regulatory Documentation,4,0,1,0.643,Y,skill_no_signal,N
MN-R-0222,Risky Santoso,,,,,0.0,unmapped,,LMS_Moodle,moodle_93792,T4_orphan,0.45,,N,,Cold Chain Handling,,,0,0,0,0.18,Y,identity_probabilistic_or_orphan;title_unmapped_or_fuzzy,N
MN-R-0223,Annisa Situmorang,Bandung,PHARM_SPEC,Product Specialist (Pharma),Technical,0.97,exact,Asisten Apoteker,HRIS_SuccessFactors,EMP-9489,T3a_fuzzy_high,0.88,2020-06-13,N,Cold Chain Handling,,CDOB Compliance; Medical Product Knowledge; Regulatory Documentation,,4,1,1,0.718,N,,N
MN-R-0224,Nanda  Permana,Semarang,SALES_MGR,Branch Sales Manager,Commercial,0.97,exact,Sales  Manager,HRIS_SuccessFactors,EMP-7154,T4_single_hris,0.85,2024-11-11,N,Customer Relationship Management; Data Entry Accuracy; Demand Forecasting,,Advanced Excel; Distributor Negotiation; Team Leadership,,5,2,0,0.811,N,,N
MN-R-0225,Sari Moh. Mardiana,Surabaya,QA_REG,Regulatory & QA Officer,Technical,0.97,exact,QA/RA,HRIS_SuccessFactors,EMP-3698,T3b_fuzzy_mid,0.7,,N,,,,CDOB Compliance; Data Entry Accuracy; Medical Product Knowledge; Regulatory Documentation,4,0,2,0.571,Y,identity_probabilistic_or_orphan;skill_no_signal,N
MN-R-0226,"Anggraini, Ayu",Palembang,LOG_COORD,Logistics Coordinator,Supply Chain,0.97,exact,Distribution Coordinator,HRIS_SuccessFactors,EMP-8756,T4_single_hris,0.85,2020-08-10,N,,,,Cold Chain Handling; Inventory Management; Route Planning; SAP Navigation,4,0,0,0.631,Y,skill_no_signal,N
MN-R-0227,Citra Pratama,Denpasar,IT_SUPPORT,IT Support Officer,Corporate,0.97,exact,IT Officer,HRIS_SuccessFactors,EMP-7837,T4_single_hris,0.85,2020-09-08,N,Data Entry Accuracy; SAP Navigation,,Advanced Excel,,3,2,0,0.831,N,,N
MN-R-0228,"Pratama, Imam",Semarang,PHARM_SPEC,Product Specialist (Pharma),Technical,0.97,exact,Product  Spec,HRIS_SuccessFactors,EMP-7861,T4_single_hris,0.85,2023-05-22,N,Cold Chain Handling,,CDOB Compliance; Medical Product Knowledge; Regulatory Documentation,,4,1,0,0.706,N,,N
MN-R-0229,Dewie Kurniawan,Jakarta Pusat,FIN_ADMIN,Finance & Admin Staff,Corporate,0.97,exact,ADMIN KEUANGAN,HRIS_SuccessFactors,EMP-9318,T4_single_hris,0.85,,N,,,,Advanced Excel; Data Entry Accuracy; SAP Navigation,3,0,1,0.631,Y,skill_no_signal,N
MN-R-0230,C. Kurniawan,Yogyakarta,QA_REG,Regulatory & QA Officer,Technical,0.97,exact,Quality Assurance,HRIS_SuccessFactors,EMP-8806,T4_single_hris,0.85,2016-10-31,N,,,,CDOB Compliance; Data Entry Accuracy; Medical Product Knowledge; Regulatory Documentation,4,0,0,0.631,Y,skill_no_signal,N
MN-R-0231,F. Halim,Yogyakarta,SALES_JR,Sales Representative,Commercial,0.97,exact,SALES JUNIOR,HRIS_SuccessFactors,EMP-8237,T4_single_hris,0.85,,N,,,,Customer Relationship Management; Data Entry Accuracy; Medical Product Knowledge; Route Planning,4,0,1,0.631,Y,skill_no_signal,N
MN-R-0232,Eko Nugroho,Yogyakarta,QA_REG,Regulatory & QA Officer,Technical,0.97,exact,Staff QA,HRIS_SuccessFactors,EMP-7000,T4_single_hris,0.85,2022-09-06,N,Advanced Excel; CDOB Compliance; Cold Chain Handling; Data Entry Accuracy; Medical Product Knowledge; Regulatory Documentation; Warehouse Safety,,,,4,4,0,0.931,N,,N
